FacilityName,FacilityAddress,ViolationDate,Violation,Disposition,DispositionDate
OGEI'S CHICKEN & SUBS,"293 MUDDY BRANCH ROAD , GAITHERSBURG, MD 20878",1/1/2016,DISORDERLY HOUSE,HEARING; LICENSE REVOKED; STAY PENDING APPEAL,5/31/2016
AZUL BAR & GRILL,"18749 N. FREDERICK ROAD , GAITHERSBURG, MD 20879",5/18/2016,DISORDERLY HOUSE,"HEARING; $4,000 FINE",9/15/2016
OGEI'S CHICKEN & SUBS,"293 MUDDY BRANCH ROAD , GAITHERSBURG, MD 20878",3/26/2016,NOISE/DISTURBANCE OF THE NEIGHBORHOOD,HEARING; LICENSE REVOKED; STAY PENDING APPEAL,5/31/2016
FUSION BAR & GRILL,"15535 NEW HAMPSHIRE AVENUE , SILVER SPRING, MD 20905",3/27/2016,DISORDERLY HOUSE,HEARING; LICENSE REVOKED,10/5/2016
FUSION BAR & GRILL,"15535 NEW HAMPSHIRE AVENUE , SILVER SPRING, MD 20905",3/27/2016,INSPECTIONS GENERALLY,HEARING; LICENSE REVOKED,10/5/2016
TEXAS PARRILLADA,"9631 LOST KNIFE ROAD , GAITHERSBURG, MD 20879",5/22/2016,DISORDERLY HOUSE,HEARING; NOT GUILTY,8/4/2016
FUSION BAR & GRILL,"15535 NEW HAMPSHIRE AVENUE , SILVER SPRING, MD 20905",3/27/2016,ACTS CONTRARY TO LAW,HEARING; LICENSE REVOKED,10/5/2016
FUSION BAR & GRILL,"15535 NEW HAMPSHIRE AVENUE , SILVER SPRING, MD 20905",3/27/2016,NOISE/DISTURBANCE OF THE NEIGHBORHOOD,HEARING; LICENSE REVOKED,10/5/2016
BRIGHTON BEER & WINE,"225 MUDDY BRANCH ROAD , GAITHERSBURG, MD 20878",12/1/2016,WINDOW TINTING,SETTLED; $500.00 + ALERT,12/27/2016
TALBOTT BEER & WINE,"1071 ROCKVILLE PIKE , ROCKVILLE, MD 20852",12/30/2016,SALE TO MINOR,SETTLED; $1000.00 + ALERT,1/30/2017
WOK EXPRESS,"9615 LOST KNIFE ROAD , GAITHERSBURG, MD 20877",4/4/2016,ALCOHOL AWARENESS CERTIFIED PERSON NOT ON PREMISES,SETTLED; $100.00 + ALERT,6/8/2016
MEXICAN GRILL,"19710 FISHER AVENUE , POOLESVILLE, MD 20837",12/2/2016,SALE TO MINOR,SETTLED; $1000.00 + ALERT,1/3/2017
THE BURGER JOINT,"229 BOARD WALK PLACE , BETHESDA, MD 20814",5/25/2016,SALE TO MINOR,"SETTLED; $2,500.00 + ALERT",7/12/2016
WALIA ETHIOPIAN RESTAURANT,"6846 NEW HAMPSHIRE AVE. , TAKOMA PARK, MD 20912",3/31/2016,EMPLOYEE RECORDS NOT AVAILABLE WHEN REQUESTED,SETTLED; $500.00 + ALERT,10/4/2016
& PIZZA,"11626 OLD GEORGETOWN ROAD , NORTH BETHESDA, MD 20852",10/5/2016,ALCOHOL AWARENESS CERTIFIED PERSON NOT ON PREMISES,SETTLED; $100.00 + ALERT,12/21/2016
BOMBAY INDIAN RESTAURANT,"11229 NEW HAMPSHIRE AVENUE , SILVER SPRING, MD 20904",8/25/2016,ALCOHOL AWARENESS CERTIFIED PERSON NOT ON PREMISES,SETTLED; $100.00 + ALERT,10/10/2016
FENWICK BEER & WINE,"1327 FENWICK LANE , SILVER SPRING, MD 20910",2/11/2016,SALE TO MINOR,SETTLED;  $2500.00 + ALERT,3/3/2016
RINCON PERUANO,"210 EAST DIAMOND ST , GAITHERSBURG, MD 20877",12/21/2016,SALE TO MINOR,SETTLED; $1000.00 + ALERT,1/27/2017
GODAVARI,"9011 GAITHER ROAD , GAITHERSBURG, MD 20877",8/23/2016,ALCOHOL AWARENESS CERTIFIED PERSON NOT ON PREMISES,SETTLED; $100.00 + ALERT,9/27/2016
SPRING BEER & WINE,"8645 16TH STREET , SILVER SPRING, MD 20910",2/11/2016,SALE TO MINOR,SETTLED; $1000.00 + ALERT,3/17/2016
SMASHBURGER,"20640 SENECA MEADOWS PARKWAY D-1, GERMANTOWN, MD 20867",3/1/2016,ALCOHOL AWARENESS CERTIFIED PERSON NOT ON PREMISES,SETTLED; $500.00 + ALERT,3/31/2016
EL SOL SALVADOREAN & MEXICAN RESTAURANT,"13881 OUTLET DRIVE C, SILVER SPRING, MD 20904",8/27/2015,ALCOHOL AWARENESS CERTIFIED PERSON NOT ON PREMISES,SETTLED; $500.00 + ALERT,1/20/2016
PICCA POLLO A LA BRASA,"13000 MIDDLEBROOK ROAD , GREMANTOWN, MD 20874",11/22/2016,SALE TO MINOR,SETTLED; $1000.00 + ALERT,1/3/2017
WALIA ETHIOPIAN RESTAURANT,"6846 NEW HAMPSHIRE AVE. , TAKOMA PARK, MD 20912",3/31/2016,SALE TO MINOR,SETTLED; $1000.00 + ALERT,6/3/2016
TEXAS PARRILLADA,"9631 LOST KNIFE ROAD , GAITHERSBURG, MD 20879",5/22/2016,SALE/SERVICE TO INTOXICATED PATRON,HEARING; NOT GUILTY,8/4/2016
LA CASITA,"2 EAST DIAMOND AVENUE , GAITHERSBURG, MD 20877",11/18/2016,EMPLOYEE RECORDS NOT AVAILABLE WHEN REQUESTED,SETTLED; $500.00 + ALERT,12/19/2016
IKKO,"1215 EAST-WEST HIGHWAY , SILVER SPRING, MD 20910",12/22/2015,SALE TO MINOR,"SETTLED; $1,000 + ALERT",2/2/2016
SILVER SPRING HILTON HOTEL,"8727 COLESVILLE ROAD , SILVER SPRING, MD 20910",12/22/2015,SALE TO MINOR,"SETTLED; $2,500 + ALERT",2/4/2016
CHEESE & WINE SHOPPE,"2501 ENNALLS AVE. , WHEATON, MD 20902",5/30/2016,SALE/SERVICE TO INTOXICATED PATRON,SETTLED; $1000.00 + ALERT,6/29/2016
SMASHBURGER (ROCKVILLLE),"1800 ROCKVILLE PIKE , ROCKVILLE, MD 20852",8/5/2016,ALCOHOL AWARENESS CERTIFIED PERSON NOT ON PREMISES,SETTLED; $100 FINE + ALERT,11/2/2016
KINGSVIEW BEER & WINE,"13406 KINGSVIEW VILLAGE AVENUE , GERMANTOWN, MD 20874",11/11/2016,SALE TO MINOR,SETTLED; $1000.00 + ALERT,12/13/2016
WOK EXPRESS,"9615 LOST KNIFE ROAD , GAITHERSBURG, MD 20877",4/4/2016,SALE/SERVICE TO INTOXICATED PATRON,SETTLED; $1000.00 + ALERT,6/8/2016
TANDOORI NIGHTS-BETHESDA,"7236 WOODMONT AVENUE , BETHESDA, MD 20814",2/26/2016,ALCOHOL AWARENESS CERTIFIED PERSON NOT ON PREMISES,SETTLED; $100.00,3/21/2016
BONCHON OF GERMANTOWN,"19775 FREDERICK ROAD , GERMANTOWN, MD 20876",12/21/2016,SALE TO MINOR,SETTLED; $1000.00 + ALERT,1/30/2017
PHO VIET STAR,"13825 OUTLET DRIVE , SILVER SPRING, MD 20904",11/20/2015,SALE TO MINOR,"SETTLED; 1,000 + ALERT",2/23/2016
CAFE 20/20,"4880 BOILING BROOK PARKWAY , ROCKVILLE, MD 20852",11/23/2016,ALCOHOL AWARENESS CERTIFIED PERSON NOT ON PREMISES,SETTLED; $100.00 + ALERT,1/24/2017
GUAPO'S,"411 NORTH FREDERICK AVE , GAITHERSBURG, MD 20878",5/31/2016,REFILLING EMPTY/PARTIALLY EMPTY ALCOHOLIC BOTTLES,SETTLED; $800.00 + ALERT,7/11/2016
BIG WAN'S CUISINE,"16051 FREDERICK ROAD , ROCKVILLE, MD 20855",3/8/2016,ALCOHOL AWARENESS CERTIFIED PERSON NOT ON PREMISES,HEARING; $500 FINE,8/23/2016
SARDI'S POLLO A LA BRASA,"430 NORTH FREDERICK ROAD , GAITHERSBURG, MD 20877",6/9/2016,SALE TO MINOR,SETTLED; $1000.00 + ALERT,6/29/2016
SHEGER SPRING CAFE,"900 SILVER SPRING AVENUE SUITE B , SILVER SPRING, MD 20910",12/22/2015,SALE TO MINOR,SETTLED; $2500.00 + ALERT,3/2/2016
MILLER'S ALE HOUSE,"1471 ROCKVILLE PIKE , ROCKVILLE, MD 20852",12/22/2015,SALE TO MINOR,SETTLED; $2500.00 + ALERT,2/26/2016
& PIZZA,"11626 OLD GEORGETOWN ROAD , NORTH BETHESDA, MD 20852",6/28/2016,LICENSE NOT PROPERLY DISPLAYED,SETTLED; $100.00 + ALERT,8/12/2016
JOSE'S GRILL,"11423 GEORGIA AVE. , WHEATON, MD 20902",12/20/2012,SALE TO MINOR,SETTLED; $1000.00 +ALERT,9/9/2016
29 CONVENIENCE MART,"10755 COLESVILLE ROAD , SILVER SPRING, MD 20901",11/13/2015,SALE TO MINOR,"SETTLED;  $2,500.00
+ ALERT",2/22/2016
KOI ASIAN CUISINE,"12046 CHERRY HILL ROAD , SILVER SPRING, MD 20904",4/26/2016,SALE TO MINOR,"SETTLED; $1,000.00 + ALERT",5/23/2016
GAITHERSBURG SUPERMARKET,"220 EAST DIAMOND AVENUE , GAITHERSBURG, MD 20877",6/9/2016,ALCOHOL AWARENESS CERTIFIED PERSON NOT ON PREMISES,SETTLED; $100.00 + ALERT,8/19/2016
RUTH'S CHRIS STEAK HOUSE,"7315 WISCONSIN AVE. , BETHESDA, MD 20814",5/13/2016,SALE TO MINOR,SETTLED; $2500.00 + ALERT,6/10/2016
JAVA NATION,"10516 CONNECTICUT , KENSINGTON, MD 20895",2/2/2016,ALCOHOL AWARENESS CERTIFIED PERSON NOT ON PREMISES,SETTLED; $100.00 + ALERT,3/23/2016
GAITHERSBURG SUPERMARKET,"220 EAST DIAMOND AVENUE , GAITHERSBURG, MD 20877",6/9/2016,EMPLOYEE RECORDS NOT AVAILABLE WHEN REQUESTED,SETTLED; $500.00 + ALERT,7/28/2016
LEBANESE TAVERNA CAFE,"115 GIBBS STREET A, ROCKVILLE, MD 20850",12/30/2016,SALE TO MINOR,SETTLED; $1000.00 + ALERT,1/27/2017
CAPTAIN'S MARKET,"7607 MACARTHUR BLVD. , CABIN JOHN, MD 20818",12/20/2015,SALE TO MINOR,"HEARING; $7,500 FINE + ALERT",3/17/2016
6/12 CONVENIENT MART,"14100 DARNESTOWN ROAD C, DARNESTOWN, MD 20874",12/2/2016,SALE TO MINOR,SETTLED; $2500.00 + ALERT,12/21/2016
POLLO-MEX,"13436 NEW HAMPSHIRE AVENUE , SILVER SPRING, MD 20904",7/29/2016,ALCOHOL AWARENESS CERTIFIED PERSON NOT ON PREMISES,SETTLED; $100.00 + ALERT,10/14/2016
BESTWAY MARYLAND SUPERMKT.,"8540 PINEY BRANCH ROAD , SILVER SPRING, MD 20901",3/31/2016,EMPLOYEE RECORDS NOT AVAILABLE WHEN REQUESTED,SETTLED; $500.00 + ALERT,5/4/2016
NOODLES & COMPANY,"177 KENTLANDS BLVD. SUITE 100, GAITHERSBURG, MD 20878",4/7/2016,ALCOHOL AWARENESS CERTIFIED PERSON NOT ON PREMISES,SETTLED; $100.00 + ALERT,7/1/2016
NEWS EXPRESS,"4853 CORDELL AVENUE , BETHESDA, MD 20814",3/23/2016,SALE TO MINOR,"SETTLED; $1,000.00 + ALERT",4/20/2016
TANDOORI NIGHTS-BETHESDA,"7236 WOODMONT AVENUE , BETHESDA, MD 20814",2/26/2016,SALE TO MINOR,SETTLED; $1000.00 + ALERT,3/21/2016
RUBY TUESDAY,"701 RUSSELL AVE. , GAITHERSBURG, MD 20877-2612",6/9/2016,ALCOHOL AWARENESS CERTIFIED PERSON NOT ON PREMISES,SETTLED; $100 + ALERT,7/6/2016
KAYPI RESTAURANT,"2005 VEIRS MILL ROAD , ROCKVILLE, MD 20851",9/15/2016,FAILURE TO PURCHASE FROM APPROVED SOURCE,SETTLED; $400.00 + ALERT,10/18/2016
BARKING MAD CAFE,"239 SPECTRUM AVENUE , GAITHERSBURG, MD 20879",7/23/2016,LICENSE NOT PROPERLY DISPLAYED,SETTLED; $100.00 + ALERT,8/30/2016
MUDDY BRANCH BEER & WINE,"836 MUDDY BRANCH ROAD , GAITHERSBURG, MD 20878",5/26/2016,SALE TO MINOR,SETTLED; $1000.00 + SETTLED,7/25/2016
"BEST BEER, WINE, & DELI","18749 NORTH FREDERICK AVENUE A, GAITHERSBURG, MD 20879",4/10/2016,SALE/SERVICE TO INTOXICATED PATRON,"HEARING; $1,000 FINE + ALERT + STATE ALCOHOL CERTIFICATION TRAINING",7/21/2016
MOGOTILLO RESTAURANT,"7637 NEW HAMPSHIRE AVENUE , TAKOMA PARK, MD 20912",6/26/2015,SALE/SERVICE TO INTOXICATED PATRON,"HEARING; $10,000 + 2 WEEK SUSPENSION + ALERT",4/29/2016
TED'S MONTANA GRILL,"105 ELLINGTON BOULEVARD , GAITHERSBURG, MD 20878",6/9/2016,SALE TO MINOR,SETTLED; $1000.00 + ALERT,7/11/2016
DAILY GRILL,"1 BETHESDA METRO CENTER , BETHESDA, MD 20814",12/7/2016,SALE TO MINOR,"SETTLED, $2,500 + ALERT",1/31/2017
EL NORTENO,"8917 BROOKVILLE ROAD , SILVER SPRING, MD 20910",4/26/2016,EMPLOYEE RECORDS NOT AVAILABLE WHEN REQUESTED,SETTLED; $500.00 + ALERT,5/25/2016
NOT YOUR AVERAGE JOE'S,"239 KENTLANDS BLVD. , GAITHERSBURG, MD 20878",10/16/2015,LICENSE NOT PROPERLY DISPLAYED,SETTLED; $100 + ALERT,4/29/2016
HAMPTON INN & SUITES,"960 FREDERICK AVE , GAITHERSBURG, MD 20879",12/21/2016,SALE TO MINOR,SETTLED; $1000.00 + ALERT,1/20/2017
RED LOBSTER-GAITHERSBURG,"15700 SHADY GROVE ROAD , GAITHERSBURG, MD 20877",5/26/2016,SALE TO MINOR,SETTLED; $1000.00 + ALERT,7/18/2016
BURGERFI,"8504 FENTON STREET , SILVER SPRING, MD 20910",4/12/2016,SALE TO MINOR,SETTLED: $1000.00,5/6/2016
BESTWAY MARYLAND SUPERMKT.,"8540 PINEY BRANCH ROAD , SILVER SPRING, MD 20901",3/31/2016,ALCOHOL AWARENESS CERTIFIED PERSON NOT ON PREMISES,SETTLED; $100.00,5/4/2016
TYBER BIERHAUS,"7525 OLD GEORGETOWN ROAD , BETHESDA, MD 20814",4/15/2016,SALE TO MINOR,SETTLED; $1000.00 + ALERT,6/1/2016
RESTAURANT POLLOS EL MESON,"615 SOUTH FREDERICK AVENUE , GAITHERSBURG, MD 20877",9/9/2016,LICENSE NOT PROPERLY DISPLAYED,SETTLED; $100.00 + ALERT,10/18/2016
GROWLERS,"227 E. DIAMOND AVE. , GAITHERSBURG, MD 20877",11/18/2016,SALE TO MINOR,SETTLED; $1000.00 + ALERT,12/15/2016
GESTE FOODS & WINE,"4801 EDGEMOOR LANE , BETHESDA, MD 20814",3/31/2016,ALCOHOL AWARENESS CERTIFIED PERSON NOT ON PREMISES,SETTLED; $100.00 + ALERT,5/24/2016
CHIPOTLE MEXICAN GRILL - KENTLANDS,"96 MAIN STREET , GAITHERSBURG, MD 20878",8/25/2016,ALCOHOL AWARENESS CERTIFIED PERSON NOT ON PREMISES,SETTLED; $100.00 + ALERT,12/13/2016
EL NORTENO,"8917 BROOKVILLE ROAD , SILVER SPRING, MD 20910",4/26/2016,SALE TO MINOR,SETTLED; $2500.00 + ALERT,5/25/2016
CHIPOTLE MEXICAN GRILL,"4471 WILLIARD AVENUE , CHEVY CHASE, MD 20815",12/14/2016,ALCOHOL AWARENESS CERTIFIED PERSON NOT ON PREMISES,SETTLED; $100.00 + ALERT,12/29/2016
BIG WAN'S CUISINE,"16051 FREDERICK ROAD , ROCKVILLE, MD 20855",3/8/2016,LICENSE NOT PROPERLY DISPLAYED,HEARING; $100 FINE,8/23/2016
MASTER 8 BILLIARDS,"2640 UNIVERITY BLVD. , SILVER SPRING, MD 20902",4/25/2015,SALE TO MINOR,"SETTLED; $1500.00
+ALERT",2/12/2016
SAMANTHA'S,"631 UNIVERSITY BLVD. E. , SILVER SPRING, MD 20901",7/14/2016,ALCOHOL AWARENESS CERTIFIED PERSON NOT ON PREMISES,SETTLED; $100.00 + ALERT,8/16/2016
NOODLES & COMPANY,"177 KENTLANDS BLVD. SUITE 100, GAITHERSBURG, MD 20878",5/18/2016,SALE TO MINOR,SETTLED; $2500.00 + ALERT,7/1/2016
CALIENTE RESTAURANT & BAR,"2442 ENALLS AVENUE , WHEATON, MD 20902",9/26/2015,SALE/SERVICE TO INTOXICATED PATRON,HEARING; $1000 FINE,4/14/2016
JACKIE'S,"8081 GEORGIA AVE. , SILVER SPRING, MD 20910",12/22/2015,SALE TO MINOR,"SETTLED; $2,500 + ALERT",1/27/2016
PERUVIAN COUNTRY CHICKEN,"10118 COLESVILLE ROAD , SILVER SPRING, MD 20901",6/28/2016,ALCOHOL AWARENESS CERTIFIED PERSON NOT ON PREMISES,SETTLED; $100.00 + ALERT,8/4/2016
OGEI'S CHICKEN & SUBS,"293 MUDDY BRANCH ROAD , GAITHERSBURG, MD 20878",1/29/2016,SALE TO MINOR,HEARING; LICENSE REVOKED; STAY PENDING APPEAL,5/31/2016
FOOD STOP MINI MART,"4820 BOILING BROOK PARKWAY , ROCKVILLE, MD 20852",6/25/2015,SALE TO MINOR,SETTLED; $2500.00 + ALERT,4/14/2016
VIET PHO & GRILL,"1640 ELTON ROAD , SILVER SPRING, MD 20903",8/23/2016,ALCOHOL AWARENESS CERTIFIED PERSON NOT ON PREMISES,SETTLED; $100.00 + ALERT,9/22/2016
THE BARKING DOG,"4723 ELM STREET , BETHESDA, MD 20814",1/8/2016,SALE/SERVICE TO INTOXICATED PATRON,HEARING; ONE WEEK SUSPENSION,6/16/2016
KADHAI INDIAN CUISINE,"7905 NORFOLK AVENUE , BETHESDA, MD 20814",3/23/2016,SALE TO MINOR,SETTLED; $1000.00 + ALERT,4/18/2016
CAMBRIA HOTEL & SUITES,"1 RENAISSANCE STREET , ROCKVILLE, MD 20850",12/27/2016,ALCOHOL AWARENESS CERTIFIED PERSON NOT ON PREMISES,SETTLED; $100.00 + ALERT,1/17/2017
FOREST GLEN DELI,"536 FOREST GLEN ROAD , SILVER SPRING, MD 20901-2206",4/26/2016,SALE TO MINOR,SETTLED; $1000.00 + ALERT,5/24/2016
TEXAS PARRILLADA,"9631 LOST KNIFE ROAD , GAITHERSBURG, MD 20879",5/22/2016,PATRON LEAVING PREMISE WITH OPEN ALCOHOL CONTAINER,HEARING; NOT GUILTY,8/4/2016
"CANCUN GRILL RESTAURANT, THE","11220 GEORGIA AVENUE , WHEATON, MD 20902",1/16/2015,SALE TO MINOR,SETTLED; $3000.00 + ALERT,4/28/2016
EL AGUILA,"7926 GEORGIA AVENUE , SILVER SPRING, MD 20910",11/20/2015,SALE TO MINOR,"SETTLED; $1,000 + ALERT",1/19/2016
BEMNET SUPERMARKET AND DELI,"617 SLIGO AVENUE , SILVER SPRING, MD 20910",3/31/2016,SALE TO MINOR,SETTLED; $1000.00 + ALERT,7/22/2016
PASHA LAND,"644 CENTER POINT WAY , GAITHERSBURG, MD 20878",5/26/2016,SALE TO MINOR,SETTLED: $1000.00 + ALERT,6/22/2016
BIG WAN'S CUISINE,"16051 FREDERICK ROAD , ROCKVILLE, MD 20855",5/10/2016,ALCOHOL AWARENESS CERTIFIED PERSON NOT ON PREMISES,HEARING; 10 DAY SUSPENSION,2/6/2016
HYATT SUMMERFIELD SUITES,"200 SKIDMORE BOULEVARD , GAITHERSBURG, MD 20877",5/25/2016,SALE TO MINOR,SETTLED; $2500.00 + ALERT,6/24/2016
APPLEBEE'S,"21048 FREDERICK RD , GERMANTOWN, MD 20876",12/21/2016,SALE TO MINOR,SETTLED;  $1000.00 + ALERT,1/23/2017
BESTWAY MARYLAND SUPERMKT.,"8540 PINEY BRANCH ROAD , SILVER SPRING, MD 20901",3/31/2016,SALE TO MINOR,SETTLED; $2500.00 + ALERT,5/4/2016
RUMBA Y CARBON,"11222 GRANDVIEW AVENUE , GAITHERSBURG, MD 20902",2/18/2016,SALE TO MINOR,"HEARING; $2,500 + ALERT",5/5/2016
BRIGHTON BEER & WINE,"225 MUDDY BRANCH ROAD , GAITHERSBURG, MD 20878",12/1/2016,ALCOHOL AWARENESS CERTIFIED PERSON NOT ON PREMISES,SETTLED; $100.00 + ALERT,12/27/2016
DOCK OF THE BAY,"429 S. FREDERICK ROAD , GAITHERSBURG, MD 20877",5/25/2016,SALE TO MINOR,SETTLED; $1000.00 + ALERT,6/22/2016
DULCINEA BAR & GRILL,"9103 GAITHER ROAD , GAITHERSBURG, MD 20877",5/26/2016,SALE TO MINOR,SETTLED; $1000.00 +ALERT,6/30/2016
HYATT SUMMERFIELD SUITES,"200 SKIDMORE BOULEVARD , GAITHERSBURG, MD 20877",5/25/2016,ALCOHOL AWARENESS CERTIFIED PERSON NOT ON PREMISES,SETTLED; $100.00,6/24/2016
ARMANDS CHICAGO PIZZERIA,"1909 SEMINARY ROAD , SILVER SPRING, MD 20910",12/22/2015,SALE TO MINOR,"SETTLED; $2,500 + ALERT",2/9/2016
COURTYARD BY MARRIOTT,"204 BOARDWALK PLACE , GAITHERSBURG, MD 20878",5/19/2016,SALE TO MINOR,SETTLED; $1000.00 + ALERT,6/20/2016
YU-ZHOU CAFE,"576 NORTH FREDERICK AVENUE , GAITHERSBURG, MD 20877",6/16/2016,SALE TO MINOR,SETTLED; $1000.00 + ALERT,7/12/2016
OGEI'S CHICKEN & SUBS,"293 MUDDY BRANCH ROAD , GAITHERSBURG, MD 20878",2/5/2016,SALE/SERVICE TO INTOXICATED PATRON,HEARING; LICENSE REVOKED; STAY PENDING APPEAL,5/31/2016
PETER CHANG'S CHINA BISTRO,"20 MARYLAND AVENUE , ROCKVILLE, MD 20850",6/6/2016,ALCOHOL AWARENESS CERTIFIED PERSON NOT ON PREMISES,SETTLED; $100.00 + ALERT,6/23/2016
CHIPOTLE MEXICAN GRILL,"4471 WILLIARD AVENUE , CHEVY CHASE, MD 20815",12/14/2016,EMPLOYEE RECORDS NOT AVAILABLE WHEN REQUESTED,SETTLED; $500.00 + ALERT,12/29/2016
ASI ES MI TIERRA,"2559 ENNALLS AVENUE , WHEATON, MD 20902",5/8/2016,SELLING/SERVING ALCOHOL AFTER PERMITTED HOURS,SETTLED; $1000.00 + ALERT,6/24/2016
SLIGO PARK GOLF COURSE SNACK BAR,"9701 SLIGO CREEK PARKWAY , SILVER SPRING, MD 20901",4/26/2016,SALE TO MINOR,SETTLED; $1000.00 + ALERT,6/2/2016
SMOKE BBQ,"4858 CORDELL AVENUE , BETHESDA, MD 20814",3/23/2016,SALE TO MINOR,SETTLED; $1000.00 + ALERT,5/2/2016
RUBY TUESDAY,"701 RUSSELL AVE. , GAITHERSBURG, MD 20877-2612",6/9/2016,SALE TO MINOR,"SETTLED; 1,000 + ALERT",7/6/2016
LE PAIN QUOTIDIEN,"7140 BETHESDA LANE , BETHESDA, MD 20814",5/13/2016,SALE TO MINOR,SETTLED; $2500.00 + ALERT,6/17/2016
FISH TACO,"7015 WISCONSIN AVENUE , CHEVY CHASE, MD 20815",12/7/2016,SALE TO MINOR,SETTLED; $1000.00 + ALERT,1/23/2017
DOUBLETREE HOTEL,"8120 WISCONSIN AVENUE , BETHESDA, MD 20814",4/15/2016,SALE TO MINOR,SETTLED; $2500.00 & ALERT,5/13/2016
NOODLES & COMPANY,"177 KENTLANDS BLVD. SUITE 100, GAITHERSBURG, MD 20878",5/18/2016,ALCOHOL AWARENESS CERTIFIED PERSON NOT ON PREMISES,SETTLED; $500.00 + ALERT,7/1/2016
TED'S BULLETIN,"220 ELLINGTON BOULEVARD , GAITHERSBURG, MD 20878",5/19/2016,SALE TO MINOR,SETTLED; $1000.00 + ALERT,6/22/2016
MIX BAR & GRILLE,"8241 GEORGIA AVENUE , SILVER SPRING, MD 20910",8/26/2016,ALCOHOL AWARENESS CERTIFIED PERSON NOT ON PREMISES,SETTLED; $100.00 + ALERT,12/7/2016
FUSION BAR & GRILL,"15535 NEW HAMPSHIRE AVENUE , SILVER SPRING, MD 20905",3/27/2016,DISPENSING LIQUOR BY BOTTLE FOR CONSUMPTION ONSITE,HEARING; LICENSE REVOKED,10/5/2016
JOSE'S GRILL,"11423 GEORGIA AVE. , WHEATON, MD 20902",1/16/2015,SALE TO MINOR,SETTLED; $3000.00 + ALERT,9/9/2016
EL PUENTE DE ORO,"11123 VEIRS MILL ROAD , WHEATON, MD 20902",8/28/2015,ALCOHOL AWARENESS CERTIFIED PERSON NOT ON PREMISES,SETTLED; $500 + ALERT,2/1/2016
"GERMANTOWN BEER, WINE & PLUS","19590 FREDERICK ROAD , GERMANTOWN, MD 20874",3/7/2016,ALCOHOL AWARENESS CERTIFIED PERSON NOT ON PREMISES,SETTLED; 100 + ALERT,3/28/2016
CALIFORNIA PIZZA KITCHEN,"136 BOARDWALK PLACE , GAITHERSBURG, MD 20878",5/19/2016,SALE TO MINOR,SETTLED; $1000.00 + ALERT,7/5/2016
THE GREENE TURTLE,"19961 CENTURY BOULEVARD , GERMANTOWN, MD 20874",11/11/2016,SALE TO MINOR,SETTLED; $1000.00 + ALERT,12/2/2016
CHIPOTLE MEXICAN GRILL,"7624 OLD GEORGETOWN ROAD , BETHESDA, MD 20814",3/31/2016,SALE TO MINOR,SETTLED; $2500.00 + ALERT,6/24/2016
CAFE 20/20,"4880 BOILING BROOK PARKWAY , ROCKVILLE, MD 20852",11/23/2016,LICENSE NOT PROPERLY DISPLAYED,SETTLED; $100.00 + ALERT,1/24/2017
LESAAC CAFE,"8200 FENTON STREET , SILVER SPRING, MD 20910",5/18/2016,ALCOHOL AWARENESS CERTIFIED PERSON NOT ON PREMISES,SETTLED; $100.00 + ALERT,6/23/2016
MOGOTILLO RESTAURANT,"7637 NEW HAMPSHIRE AVENUE , TAKOMA PARK, MD 20912",6/26/2015,EMPLOYEE RECORDS NOT AVAILABLE WHEN REQUESTED,HEARING; $500 FINE,2/19/2016
FOUR U,"8120 PINEY BRANCH ROAD , SILVER SPRING, MD 20910",3/31/2016,SALE TO MINOR,SETTLED; $2500.00 + ALERT,5/11/2016
RESTAURANT POLLOS EL MESON,"615 SOUTH FREDERICK AVENUE , GAITHERSBURG, MD 20877",9/9/2016,FAILURE TO PURCHASE FROM APPROVED SOURCE,SETTLED; $1800.00 + ALERT,10/18/2016
THAI TANIUM,"657 CENTER POINT WAY , GAITHERSBURG, MD 20878",6/8/2016,SALE TO MINOR,SETTLED; $1000.00 + ALERT,6/17/2016
SUSHI KO,"5455 WISCONSIN AVENUE , CHEVY CHASE, MD 20815",12/14/2016,SALE TO MINOR,SETTLED; $1000.00 + ALERT,1/6/2017
& PIZZA,"19823 CENTURY BOULEVARD , GERMANTOWN, MD 20874",11/11/2016,SALE TO MINOR,SETTLED; $1000.00 + ALERT,1/3/2017
GUAPO'S,"411 NORTH FREDERICK AVE , GAITHERSBURG, MD 20878",6/1/2016,ALCOHOL AWARENESS CERTIFIED PERSON NOT ON PREMISES,SETTLED; $100.00 + ALERT,7/5/2016
CHIPOTLE MEXICAN GRILL,"4471 WILLIARD AVENUE , CHEVY CHASE, MD 20815",12/14/2016,SALE TO MINOR,SETTLED; $1000.00 + ALERT,12/29/2016
JAVA NATION,"10516 CONNECTICUT , KENSINGTON, MD 20895",6/22/2016,ALCOHOL AWARENESS CERTIFIED PERSON NOT ON PREMISES,SETTLED; $500.00 + ALERT,9/6/2016
GAITHERSBURG SUPERMARKET,"220 EAST DIAMOND AVENUE , GAITHERSBURG, MD 20877",6/9/2016,SALE TO MINOR,SETTLED; $1000.00 + ALERT,8/16/2016
AZUL BAR & GRILL,"18749 N. FREDERICK ROAD , GAITHERSBURG, MD 20879",1/3/2016,SALE/SERVICE TO INTOXICATED PATRON,HEARING; TWO WEEK SUSPENSION,9/15/2016
LA CASITA,"2 EAST DIAMOND AVENUE , GAITHERSBURG, MD 20877",11/18/2016,SALE TO MINOR,SETTLED; $1000.00 + ALERT,12/19/2016
GREATEST AMERICAN HOT DOGS,"7206 MUNCASTER MILL ROAD , DERWOOD, MD 20855",6/1/2016,SALE TO MINOR,SETTLED; $1000.00 + ALERT,8/18/2016
EL SOL SALVADOREAN & MEXICAN RESTAURANT,"13881 OUTLET DRIVE C, SILVER SPRING, MD 20904",8/27/2015,SALE TO MINOR,SETTLED; $2500 + ALERT,1/20/2016
OGEI'S CHICKEN & SUBS,"293 MUDDY BRANCH ROAD , GAITHERSBURG, MD 20878",1/29/2016,SALE/SERVICE TO INTOXICATED PATRON,HEARING; LICENSE REVOKED; STAY PENDING APPEAL,5/31/2016
"BEER, WINE & CO","7029 WISCONSIN AVENUE , CHEVY CHASE, MD 20815",12/7/2016,SALE TO MINOR,SETTLED; $1000.00 + ALERT,1/10/2017
HILLANDALE BEER & WINE,"10117 NEW HAMPSHIRE AVE. , SILVER SPRING, MD 20903",2/11/2016,SALE TO MINOR,SETTLED; $1000.00 + ALERT,3/11/2016
BAR LOUIE,"150 GIBBS STREET , ROCKVILLE, MD 20850",7/29/2016,ALCOHOL AWARENESS CERTIFIED PERSON NOT ON PREMISES,SETTLED; $100.0 + ALERT,9/6/2016
KOI ASIAN CUISINE,"12046 CHERRY HILL ROAD , SILVER SPRING, MD 20904",4/26/2016,EMPLOYEE RECORDS NOT AVAILABLE WHEN REQUESTED,SETTLED; $500.00 + ALERT,5/23/2016
GESTE FOODS & WINE,"4801 EDGEMOOR LANE , BETHESDA, MD 20814",12/7/2016,ALCOHOL AWARENESS CERTIFIED PERSON NOT ON PREMISES,HEARING; TWO DAY SUSPENSION,2/2/2017
GESTE FOODS & WINE,"4801 EDGEMOOR LANE , BETHESDA, MD 20814",12/7/2016,SALE TO MINOR,HEARING; FIVE DAY SUSPENSION,2/2/2017
TWINBROOK DELICATESSEN,"2208 VEIRS MILL ROAD , ROCKVILLE, MD 20851",12/30/2016,SALE TO MINOR,SETTLED; $2500.00,2/3/2017
QUICK STOP BEER & WINE,"21101 FREDERICK AVENUE , GERMANTOWN, MD 20876",1/12/2017,SALE TO MINOR,SETTLED; $1000.00 + ALERT,2/3/2017
GREGORIO'S TRATTORIA,"7745 TUCKERMAN LANE , POTOMAC, MD 20854",1/11/2017,SALE TO MINOR,SETTLED: $1000.00 + ALERT,2/1/2017
FAMOUS DAVE'S,"20650 SENECA MEADOWS PKWY , GERMANTOWN, MD 20876",1/12/2017,SALE TO MINOR,SETTLED; $1000.00 + ALERT,2/3/2017
RUBY TUESDAY,"19800 CENTURY BLVD. , GERMANTOWN, MD 20874",11/11/2016,SALE TO MINOR,"HEARING; $8,000 FINE",1/19/2017
GESTE FOODS & WINE,"4801 EDGEMOOR LANE , BETHESDA, MD 20814",12/7/2016,EMPLOYEE RECORDS NOT AVAILABLE WHEN REQUESTED,HEARING; $500 FINE,2/2/2017
BOMBAY BISTRO,"98 W. MONTGOMERY AVE. , ROCKVILLE, MD 20850",1/27/2017,SALE TO MINOR,SETTLED; $1000.00 + ALERT,2/8/2017
THE GRILLED OYSTER COMPANY,"7943 TUCKERMAN LANE , POTOMAC, MD 20854",1/11/2017,SALE TO MINOR,SETTLED; $1000.00 + ALERT,2/9/2017
URBAN CRAWFISH,"670 QUINCE ORCHARD RD , GAITHERSBURG, MD 20878",12/14/2016,SALE TO MINOR,SETTLED; $1000.00,2/9/2017
THE BARKING DOG,"4723 ELM STREET , BETHESDA, MD 20814",1/8/2016,SALE TO MINOR,"HEARING, $9,000 FINE (6 SALES TO MINORS)",6/16/2016
TYBER BIERHAUS,"7525 OLD GEORGETOWN ROAD , BETHESDA, MD 20814",1/6/2017,ALCOHOL AWARENESS CERTIFIED PERSON NOT ON PREMISES,SETTLED; $100.00 + ALERT,2/13/2017
DA MARCO,"20630 SENECA MEADOWS PKWY , GERMANTOWN, MD 20876",1/12/2017,SALE TO MINOR,SETTLED; $1000.00 + ALERT,2/13/2017
"MILESTONE BEER, WINE & DELI","21030 FREDERICK ROAD D, GERMANTOWN, MD 20876",12/2/2016,SALE TO MINOR,SETTLED; $1000.00 + ALERT,2/10/2017
LAHINCH TAVERN & GRILL,"7747 TUCKERMAN LANE , POTOMAC, MD 20854",1/11/2017,SALE TO MINOR,SETTLED; $333.00 + ALERT,2/13/2017
MOM'S ORGANIC MARKET,"5556 RANDOLPH ROAD , ROCKVILLE, MD 20852",1/6/2017,ALCOHOL AWARENESS CERTIFIED PERSON NOT ON PREMISES,SETTLED; $100.00 + ALERT,2/13/2017
WINTHORPE VALENTINE'S COMMUNITY RESTAURANT,"7700 NORFOLK AVENUE , BETHESDA, MD 20814",12/7/2016,SALE TO MINOR,SETTLED; $1000.00 + ALERT,2/13/2017
GUDE DELI,"14809 SOUTHLAWN LANE , ROCKVILLE, MD 20850",12/30/2016,SALE TO MINOR,SETTLED; $1000 + ALERT,2/14/2017
DOWNTOWN CROWN WINE & BEER,"303 COPLEY PLACE , GAITHERSBURG, MD 20878",10/24/2016,ALCOHOL AWARENESS CERTIFIED PERSON NOT ON PREMISES,SETTLED; $100.00+ ALERT,11/29/2016
FLOR DE LUNA RESTAURANT,"11417 WOODGLEN RD , ROCKVILLE, MD 20852",11/30/2016,ALCOHOL AWARENESS CERTIFIED PERSON NOT ON PREMISES,SETTLED; $100.00 + ALERT,2/14/2017
SUPER BOWL NOODLE HOUSE,"785 ROCKVILLE PIKE , ROCKVILLE, MD 20852",1/19/2017,SALE TO MINOR,SETTLED; $1000.00 + ALERT,2/15/2017
SMASHBURGER,"20640 SENECA MEADOWS PARKWAY D-1, GERMANTOWN, MD 20867",1/12/2017,SALE TO MINOR,SETTLED; $1000.00 + ALERT,2/15/2017
RED ROBIN,"20001 CENTURY BLVD. , GERMANTOWN, MD 20874",1/12/2017,SALE TO MINOR,SETTLED; $1000.00 + ALERT,2/15/2017
SUPER BOWL NOODLE HOUSE,"785 ROCKVILLE PIKE , ROCKVILLE, MD 20852",1/19/2017,EMPLOYEE RECORDS NOT AVAILABLE WHEN REQUESTED,SETTLED; $500.00 + ALERT,2/15/2017
SUPER BOWL NOODLE HOUSE,"785 ROCKVILLE PIKE , ROCKVILLE, MD 20852",1/19/2017,ALCOHOL AWARENESS CERTIFIED PERSON NOT ON PREMISES,SETTLED; $500.00 + ALERT,2/15/2017
IRENE'S PUPUSAS,"12391 GEORGIA AVENUE , SILVER SPRING, MD 20906",12/13/2016,ALCOHOL AWARENESS CERTIFIED PERSON NOT ON PREMISES,HEARING; $500 FINE + 2 DAY SUSPENSION + ALERT,2/16/2017
AZUL BAR & GRILL,"18749 N. FREDERICK ROAD , GAITHERSBURG, MD 20879",11/11/2016,SALE/SERVICE TO INTOXICATED PATRON,HEARING; 3 WEEK SUSPENSION + ALCOHOL AWARENESS CERTIFICATION CLASS,2/16/2017
AZUL BAR & GRILL,"18749 N. FREDERICK ROAD , GAITHERSBURG, MD 20879",11/11/2016,SALE TO MINOR,"HEARING; $1,000 FINE + ALERT",2/16/2017
FAIRFIELD INN-GERMANTOWN,"20025 CENTURY BLVD , GERMANTOWN, MD 20874",1/12/2017,SALE TO MINOR,SETTLED; $1000.00 + ALERT,2/16/2017
THE BEER & WINE CELLAR,"146 CONGRESSIONAL LANE , ROCKVILLE, MD 20852",1/27/2017,SALE TO MINOR,SETTLED; $1000.00 + ALERT,2/21/2017
TRAPEZARIA MEDITERRANEAN KUZINA,"11 NORTH WASHINGTON STREET , ROCKVILLE, MD 20850",1/19/2017,SALE TO MINOR,SETTLED; $1000.00 + ALERT,2/23/2017
TRAPEZARIA MEDITERRANEAN KUZINA,"11 NORTH WASHINGTON STREET , ROCKVILLE, MD 20850",1/19/2017,ALCOHOL AWARENESS CERTIFIED PERSON NOT ON PREMISES,SETTLED; $100.00 + ALERT,2/23/2017
MI RANCHO-ROCKVILLE,"1488 ROCKVILLE PIKE B, ROCKVILLE, MD 20852",2/3/2017,SALE TO MINOR,SETTLED; $1000.00 + ALERT,2/27/2017
DOWNTOWN BEER AND WINE,"5751 E FISHER LANE , ROCKVILLE, MD 20852",12/30/2016,SALE TO MINOR,SETTLED; $1000.00 + ALERT,2/28/2017
TIGER BEER WINE DELI,"303 N. WASHINGTON STREET , ROCKVILLE, MD 20850",1/27/2017,SALE TO MINOR,SETTELD; $1000.00 + ALERT,2/27/2017
TARA THAI,"12071 ROCKVILLE PIKE , ROCKVILLE, MD 20852",2/3/2017,SALE TO MINOR,SETTLED; $1000.00 + ALERT,2/27/2017
MISO CAFE,"33 MARYLAND AVENUE UNIT E , ROCKVILLE, MD 20850",1/26/2017,ALCOHOL AWARENESS CERTIFIED PERSON NOT ON PREMISES,SETTLED; $100.00 + ALERT,2/27/2017
FUDDRUCKERS,"1592 ROCKVILLE PIKE A, ROCKVILLE, MD 20852",2/10/2017,SALE TO MINOR,SETTLED; $1000.00 + ALERT,3/7/2017
CHUY'S,"12266 ROCKVILLE PIKE , ROCKVILLE, MD 20852",2/10/2017,SALE TO MINOR,SETTLED; $1000.00 + ALERT,3/8/2017
CAFE 20/20,"4880 BOILING BROOK PARKWAY , ROCKVILLE, MD 20852",2/3/2017,SALE TO MINOR,SETTLED; $1000.00 + ALERT,3/10/2017
MODERN MARKET ROCKVILLE,"1627 ROCKVILLE PIKE , ROCKVILLE, MD 20852",2/10/2017,SALE TO MINOR,SETTLED; $1000.00 + ALERT,3/9/2017
MODERN MARKET ROCKVILLE,"1627 ROCKVILLE PIKE , ROCKVILLE, MD 20852",2/10/2017,ALCOHOL AWARENESS CERTIFIED PERSON NOT ON PREMISES,SETTLED; $100.00 + ALERT,3/9/2017
CAFE 20/20,"4880 BOILING BROOK PARKWAY , ROCKVILLE, MD 20852",2/3/2017,EMPLOYEE RECORDS NOT AVAILABLE WHEN REQUESTED,SETTLED; $500.00 + ALERT,3/10/2017
CAFE 20/20,"4880 BOILING BROOK PARKWAY , ROCKVILLE, MD 20852",2/3/2017,ALCOHOL AWARENESS CERTIFIED PERSON NOT ON PREMISES,SETTLED; $500.00 + ALERT,3/10/2017
KING FARM WINE & BEER,"402 KING FARM BLVD., UNIT 100 , ROCKVILLE, MD 20850",1/27/2017,LICENSE NOT PROPERLY DISPLAYED,SETTLED; $100.00,3/17/2017
THAT'S AMORE,"15201 SHADY GROVE ROAD , ROCKVILLE, MD 20850",3/3/2017,SALE TO MINOR,SETTLED; $1000.00 + ALERT,3/17/2017
KING FARM WINE & BEER,"402 KING FARM BLVD., UNIT 100 , ROCKVILLE, MD 20850",1/27/2017,SALE TO MINOR,SETTLED; $1000.00 + ALERT,3/17/2017
FONTINA GRILLE,"801 PLEASANT DRIVE , ROCKVILLE, MD 20850",1/27/2017,SALE TO MINOR,SETTLED; $1000.00 + ALERT,3/21/2017
POTOMAC BEER & WINE,"9700 TRAVILAH GATEWAY DRIVE , ROCKVILLE, MD 20850",3/3/2017,SALE TO MINOR,SETTLED; $1000.00 +ALERT,3/29/2017
HUNAN DELIGHT,"18220 VILLAGE MART DRIVE , OLNEY, MD 20832",3/10/2017,SALE TO MINOR,SETTLED; $2500.00 + ALERT,3/31/2017
NAGOYA SUSHI,"402 KING FARM BLVD. 130, ROCKVILLE, MD 20850",3/3/2017,SALE TO MINOR,SETTLED; $2500.00 + ALERT,3/31/2017
EL BOTANERO,"800 PLEASANT DRIVE UNIT 160 , ROCKVILLE, MD 20850",3/3/2017,SALE TO MINOR,SETTLED; $1000.00 + ALERT,4/11/2017
COURTYARD BY MARRIOTT,"2500 RESEARCH BOULEVARD , ROCKVILLE, MD 20850",3/3/2017,SALE TO MINOR,"SETTLED; $1,000 FINE + ALERT",4/12/2017
URBAN CRAWFISH,"670 QUINCE ORCHARD RD , GAITHERSBURG, MD 20878",3/13/2017,REFILLING EMPTY/PARTIALLY EMPTY ALCOHOLIC BOTTLES,SETTLED; $200.00 + ALERT,4/13/2017
LEDO'S LEISURE WORLD,"3850 INTERNATIONAL DRIVE , SILVER SPRING, MD 20906",3/17/2017,SALE TO MINOR,SETTLED; $1000.00 + ALERT,4/13/2017
SUSHI OISHII,"9706 TRAVILLE GATEWAY DRIVE , ROCKVILLE, MD 20850",3/3/2017,SALE TO MINOR,SETTLED; $1000.00 + ALERT,4/18/2017
OUTBACK STEAKHOUSE,"13703 GEORGIA AVEUE , SILVER SPRING, MD 20906",3/10/2017,ALCOHOL AWARENESS CERTIFIED PERSON NOT ON PREMISES,SETTLED; $100.00 + ALERT,4/24/2017
MOBY DICK SEAFOOD,"11220 TRIANGLE LANE , WHEATON, MD 20902",3/31/2017,SALE TO MINOR,SETTLED; $1000.00 + ALERT,4/24/2017
LA FOGATA RESTAURANT,"2259 BEL PRE ROAD , SILVER SPRING, MD 20906",3/10/2017,SALE TO MINOR,SETTLED; $1000.00 + ALERT,4/24/2017
OUTBACK STEAKHOUSE,"13703 GEORGIA AVEUE , SILVER SPRING, MD 20906",3/10/2017,SALE TO MINOR,SETTLED; $1000.00 + ALERT,4/24/2017
LA FOGATA RESTAURANT,"2259 BEL PRE ROAD , SILVER SPRING, MD 20906",3/10/2017,EMPLOYEE RECORDS NOT AVAILABLE WHEN REQUESTED,SETTLED; $500.00 + ALERT,4/24/2017
GILLY'S CRAFT BEER & FINE WINE,"2009 CHAPMAN AVENUE , ROCKVILLE, MD 20852",2/3/2017,SALE TO MINOR,SETTLED; $1000.00 + ALERT,4/25/2017
SMASHBURGER (ROCKVILLLE),"1800 ROCKVILLE PIKE , ROCKVILLE, MD 20852",2/3/2017,SALE TO MINOR,SETTLED; $1000.00 + ALERT,4/28/2017
SAFFRON INDIAN CUISINE,"1321 ROCKVILLE PIKE C, ROCKVILLE, MD 20852",3/23/2017,SALE TO MINOR,SETTLED; $1000.00 + ALERT,5/1/2017
SARITA'S CHICKEN RESTAURANT,"2545 ENNALLS AVENUE , WHEATON, MD 20904",1/4/2017,ALCOHOL AWARENESS CERTIFIED PERSON NOT ON PREMISES,SETTLED; !00.00 + ALERT,4/28/2017
DOLLAR PLUS STORE #7,"11250 TRIANGLE LANE , SILVER SPRING, MD 20902",3/31/2017,SALE TO MINOR,SETTLED; $1000.00 + ALERT,4/28/2017
TARA THAI- MONTGOMERY MALL,"7101 DEMOCRACY BLVD , BETHESDA, MD 20814",1/19/2017,ALCOHOL AWARENESS CERTIFIED PERSON NOT ON PREMISES,SETTLED; $100.00 + ALERT,5/1/2017
ATTMAN'S DELI,"7913 TUCKERMAN LANE , POTOMAC, MD 20854",2/24/2017,ALCOHOL AWARENESS CERTIFIED PERSON NOT ON PREMISES,SETTLED; $100.00 + ALERT,5/1/2017
VILLA MAYA RESTAURANT,"5532 NORBECK ROAD , ROCKVILLE, MD 20853",4/7/2017,SALE TO MINOR,SETTLED; $1000.00 + ALERT,4/28/2017
POCKET BAR & GRILL,"15535 NEW HAMPSHIRE AVENUE , SILVER SPRING, MD 20905",3/24/2017,SALE TO MINOR,SETTLED; $1000.00 + ALERTR,5/3/2017
BECLAWS,"2404 UNIVERSITY BOULEVARD , SILVER SPRING, MD 20902",3/31/2017,SALE TO MINOR,SETTLED; $1000.00 + ALERT,5/9/2017
BAR LOUIE WHEATON,"11160 VEIRS MILL RD , WHEATON, MD 20902",3/17/2017,SALE TO MINOR,SETTLED; $1000.00 + ALERT,5/9/2017
SQUIRES ROCK CREEK CHOPHOUSE,"2405 PRICE AVENUE , WHEATON, MD 20902",4/14/2017,SALE TO MINOR,SETTLED; $1000.00 + ALERT,5/10/2017
SIRIWAN THAI RESTAURANT,"736 CLOVERLY STREET , SILVER SPRING, MD 20905",3/24/2017,SALE TO MINOR,SETTLED; $1000.00 + ALERT,5/12/2017
SIRIWAN THAI RESTAURANT,"736 CLOVERLY STREET , SILVER SPRING, MD 20905",3/24/2017,EMPLOYEE RECORDS NOT AVAILABLE WHEN REQUESTED,SETTLED; $500.00 + ALERT,5/12/2017
GLENMONT BEER WINE & DELI,"12351 GEORGIA AVE. , WHEATON, MD 20906-3649",3/17/2017,EMPLOYEE RECORDS NOT AVAILABLE WHEN REQUESTED,SETTLED; $500.00 + ALERT,5/16/2017
GLENMONT BEER WINE & DELI,"12351 GEORGIA AVE. , WHEATON, MD 20906-3649",3/17/2017,SALE TO MINOR,SETTLED; $1000.00 + ALERT,5/16/2017
PIZZA CS,"1596 ROCKVILLE PIKE , ROCKVILLE, MD 20850",4/28/2017,SALE TO MINOR,SETTLED; $1000.00 + ALERT,5/7/2017
SPICE XING,"100 GIBBS STREET B, ROCKVILL, MD 20850",3/23/2017,SALE TO MINOR,SETTLED; $1000.00 + ALERT,5/17/2017
THAI TASTE,"11315 FERN STREET , WHEATON, MD 20902",4/14/2017,SALE TO MINOR,SETTLED; $1000.00 + ALERT,5/23/2017
IRENE'S PUPUSAS,"12391 GEORGIA AVENUE , SILVER SPRING, MD 20906",3/17/2017,EMPLOYEE RECORDS NOT AVAILABLE WHEN REQUESTED,SETTLED; $500.00 + ALERT,5/26/2017
NEEDWOOD GOLF COURSE SNACK BAR,"6724 NEEDWOOD ROAD , DERWOOD, MD 20855",4/28/2017,SALE TO MINOR,SETTLED; $1000.00 + ALERT,5/25/2017
IRENE'S PUPUSAS,"12391 GEORGIA AVENUE , SILVER SPRING, MD 20906",3/17/2017,SALE TO MINOR,SETTLED; $2500.00 + ALERT,5/26/2017
CALIENTE RESTAURANT & BAR,"2442 ENALLS AVENUE , WHEATON, MD 20902",4/14/2017,EMPLOYEE RECORDS NOT AVAILABLE WHEN REQUESTED,SETTLED; $500.00 + ALERT,5/25/2017
CALIENTE RESTAURANT & BAR,"2442 ENALLS AVENUE , WHEATON, MD 20902",4/14/2017,SALE TO MINOR,SETTLED; $1000.00 + ALERT,5/25/2017
REDGATE GOLF COURSE,"14500 AVERY ROAD , ROCKVILLE, MD 20853",4/28/2017,SALE TO MINOR,SETTLED; $2500.00 + ALERT,5/30/2017
GOURMET INSPIRATIONS,"2646 UNIVERSITY BLVD , WHEATON, MD 20902",4/14/2017,SALE TO MINOR,SETTLED; $1000.00 + ALERT,5/30/2017
URBAN CRAWFISH,"670 QUINCE ORCHARD RD , GAITHERSBURG, MD 20878",4/14/2017,ALCOHOL AWARENESS CERTIFIED PERSON NOT ON PREMISES,SETTLED; $100.00 + ALERT,5/30/2017
REDGATE GOLF COURSE,"14500 AVERY ROAD , ROCKVILLE, MD 20853",4/28/2017,ALCOHOL AWARENESS CERTIFIED PERSON NOT ON PREMISES,SETTLED; $100.00 + ALERT,5/30/2017
SOLE D'ITALIA RESTAURANT,"14324 LAYHILL ROAD , SILVER SPRING, MD 20906-1909",3/10/2017,SALE TO MINOR,SETTLED; $2500.00 + ALERT,5/31/2017
KAYPI RESTAURANT,"2005 VEIRS MILL ROAD , ROCKVILLE, MD 20851",3/23/2017,ALCOHOL AWARENESS CERTIFIED PERSON NOT ON PREMISES,SETTLED; $100.00 + ALERT,6/1/2017
GAITHERSBURG SUPERMARKET,"220 EAST DIAMOND AVENUE , GAITHERSBURG, MD 20877",4/3/2017,ALCOHOL AWARENESS CERTIFIED PERSON NOT ON PREMISES,SETTLED; $500.00 + ALERT,6/5/2017
LEDO PIZZA AND PASTA,"1319 ROCKVILLE PIKE H, ROCKVILLE, MD 20852",3/3/2017,SALE TO MINOR,SETTLED; $1000.00 + ALERT,5/3/2017
FOOD STOP MINI MART,"4820 BOILING BROOK PARKWAY , ROCKVILLE, MD 20852",3/31/2017,SALE TO MINOR,SETTLED; $2500.00 + ALERT,6/9/2017
ROSSMOOR LEISURE WORLD,"3700 ROSSMOOR BLVD. , SILVER SPRING, MD 20906",5/10/2017,APPLICATION - FALSE INFORMATION,SETTLED; $1000.00 + ALERT,6/7/2017
ROSSMOOR LEISURE WORLD,"3700 ROSSMOOR BLVD. , SILVER SPRING, MD 20906",5/10/2017,APPLICATION - FAILURE TO UPDATE,SETTLED; $2000.00 + ALERT,6/7/2017
ERTA ALE RESTAURANT & CAFE,"2310 PRICE AVENUE , WHEATON, MD 20902",4/3/2017,ALCOHOL AWARENESS CERTIFIED PERSON NOT ON PREMISES,SETTLED; $500.00 + ALERT,6/15/2017
ERTA ALE RESTAURANT & CAFE,"2310 PRICE AVENUE , WHEATON, MD 20902",3/31/2017,SALE TO MINOR,SETTLED; $1000.00 + ALERT,6/15/2017
HOLLYWOOD EAST CAFE - WESTFIELD,"11160 VEIRS MILL ROAD SPACE, 136, WHEATON, MD 20902",3/17/2017,SALE TO MINOR,SETTLED; $1000.00 + ALERT,6/5/2017
BAR LOUIE,"150 GIBBS STREET , ROCKVILLE, MD 20850",4/7/2017,EMPLOYEE RECORDS NOT AVAILABLE WHEN REQUESTED,SETTLED; $500.00 + ALERT,6/20/2017
WOODSIDE DELI,"9329 GEORGIA AVE. , SILVER SPRING, MD 20910",5/17/2017,ALCOHOL AWARENESS CERTIFIED PERSON NOT ON PREMISES,SETTLED; $500.00 + ALERT,6/9/2017
BAR LOUIE,"150 GIBBS STREET , ROCKVILLE, MD 20850",3/18/2017,PATRON LEAVING PREMISE WITH OPEN ALCOHOL CONTAINER,SETTLED; $500.00 X 2  = $1000.00 + ALERT,6/20/2017
BAR LOUIE,"150 GIBBS STREET , ROCKVILLE, MD 20850",4/7/2017,SALE TO MINOR,SETTLED; $1000.00 + ALERT,6/20/2017
ASI ES MI TIERRA,"2559 ENNALLS AVENUE , WHEATON, MD 20902",3/17/2017,SALE TO MINOR,SETTLED; $1000.00 + ALERT,6/8/2017
ASI ES MI TIERRA,"2559 ENNALLS AVENUE , WHEATON, MD 20902",3/17/2017,EMPLOYEE RECORDS NOT AVAILABLE WHEN REQUESTED,SETTLED; $500.00 + ALERT,6/8/2017
BAR LOUIE,"150 GIBBS STREET , ROCKVILLE, MD 20850",3/29/2017,SALE/SERVICE TO INTOXICATED PATRON,SETTLED; $1000.00 + ALERT,6/20/2017
COPPER CANYON GRILL,"100 BOARDWALK PLACE , GAITHERSBURG, MD 20878",3/2/2017,FAILED TO LABEL PRODUCTS FROM DISPENSING APPARATUS,SETTLED; $500.00 + ALERT,4/11/2017
SARITA'S CHICKEN RESTAURANT,"2545 ENNALLS AVENUE , WHEATON, MD 20904",3/17/2017,EMPLOYEE RECORDS NOT AVAILABLE WHEN REQUESTED,SETTLED; $500.00 + ALERT,7/3/2017
LA COLOMBIANA RESTAURANT,"11216 GRANDVIEW AVENUE , WHEATON, MD 20902",6/6/2017,ALCOHOL AWARENESS CERTIFIED PERSON NOT ON PREMISES,SETTLED; $100.00 + ALERT,7/3/2017
ISLAND PRIDE OASIS,"617 SOUTH FREDERICK AVENUE , GAITHERSBURG, MD 20877",6/14/2017,STORAGE,SETTLLED; $200.00 + ALERT,7/7/2017
ISLAND PRIDE OASIS,"617 SOUTH FREDERICK AVENUE , GAITHERSBURG, MD 20877",6/13/2017,LICENSE NOT PROPERLY DISPLAYED,SETTLED; $100.00 + ALERT,7/7/2017
POLLO-MEX,"13436 NEW HAMPSHIRE AVENUE , SILVER SPRING, MD 20904",5/15/2017,ALCOHOL AWARENESS CERTIFIED PERSON NOT ON PREMISES,SETTLED; $500.00 + ALERT,7/7/2017
QUINCY'S BAR & GRILLE,"616 QUINCE ORCHARD ROAD , GAITHERSBURG, MD 20878",1/5/2017,SALE/SERVICE TO INTOXICATED PATRON,SETTLED; $1000.00 + ALERT,7/19/2017
H RESTAURANT AND NIGHT CLUB,"11300 GEORGIA AVENUE , WHEATON, MD 20902",5/28/2017,DISORDERLY HOUSE,SETTLED; $2500.00 + ALERT,7/19/2017
H RESTAURANT AND NIGHT CLUB,"11300 GEORGIA AVENUE , WHEATON, MD 20902",5/28/2017,DISPENSING LIQUOR BY BOTTLE FOR CONSUMPTION ONSITE,SETTLED; $1000.00 + ALERT,7/19/2017
RUAN THAI,"11407 AMHERST AVE. , WHEATON, MD 20902",3/24/2017,SALE TO MINOR,SETTLED; $2500.00 + ALERT,7/24/2017
RUAN THAI,"11407 AMHERST AVE. , WHEATON, MD 20902",3/24/2017,EMPLOYEE RECORDS NOT AVAILABLE WHEN REQUESTED,SETTLED; $500.00 + ALERT,7/24/2017
EL AGUILA,"7926 GEORGIA AVENUE , SILVER SPRING, MD 20910",5/23/2017,ALCOHOL AWARENESS CERTIFIED PERSON NOT ON PREMISES,SETTLED; $100.00 + ALERT,7/25/2017
COME TO AFRICA RESTAURANT,"6834 NEW HAMPSHIRE AVENUE , TAKOMA PARK, MD 20912",6/13/2017,ALCOHOL AWARENESS CERTIFIED PERSON NOT ON PREMISES,SETTLED; $500.00 + ALERT,7/27/2017
BRIGGS CHANEY DELI,"13832 OUTLET DRIVE , SILVER SPRING, MD 20904",10/6/2017,SALE TO MINOR,SETTLED; $1000 + ALERT,11/6/2017
"CURACION NAILS, BODY & SUCESS SANCTUARY","11308 GRANDVIEW AVENUE , SILVER SPRING, MD 20902",9/28/2017,ALCOHOL AWARENESS CERTIFIED PERSON NOT ON PREMISES,SETTLED; $100 + ALERT,10/25/2017
NEW VILLAGE RESTAURANT,"11540 MIDDLEBROOK ROAD , GERMANTOWN, MD 20876",8/4/2017,RECORDS INVOICE VIOLATION,SETTLED; $500 + ALERT,9/11/2017
4935 BAR & KITCHEN,"4935 CORDELL AVENUE , BETHESDA, MD 20814",5/20/2017,DISORDERLY HOUSE,SETTLED; $2500 + ALERT,12/13/2017
THE DISH & DRAM,"10301 KENSINGTON PKWY , KENSINGTON, MD 20895",8/31/2017,SALE TO MINOR,SETTLED; $1000 + ALERT,9/21/2017
GENTLEMAN JIM'S RESTAURANT,"18917 EARHART COURT , GAITHERSBURG, MD 20879",9/10/2017,ALCOHOL AWARENESS CERTIFIED PERSON NOT ON PREMISES,SETTLED; $100 + ALERT,11/9/2017
KAYPI RESTAURANT,"2005 VEIRS MILL ROAD , ROCKVILLE, MD 20851",8/10/2017,ALCOHOL AWARENESS CERTIFIED PERSON NOT ON PREMISES,SETTLED; $500 + ALERT,11/22/2017
KAYPI RESTAURANT,"2005 VEIRS MILL ROAD , ROCKVILLE, MD 20851",8/10/2017,EMPLOYEE RECORDS NOT AVAILABLE WHEN REQUESTED,SETTLED; $500 + ALERT,12/1/2017
SAKURA JAPAN STEAK & SEAFOOD,"11502 MIDDLEBROOK ROAD , GERMANTOWN, MD 20876",8/4/2017,REFILLING EMPTY/PARTIALLY EMPTY ALCOHOLIC BOTTLES,SETTLED; $400 + ALERT,9/12/2017
GENTLEMAN JIM'S RESTAURANT,"18917 EARHART COURT , GAITHERSBURG, MD 20879",9/10/2017,LICENSE NOT PROPERLY DISPLAYED,SETTLED; $100 + ALERT,11/9/2017
NORTHWEST PARK GOLF SNACK BAR,"15701 LAYHILL ROAD , SILVER SPRING, MD 20906",11/5/2017,ALCOHOL AWARENESS CERTIFIED PERSON NOT ON PREMISES,SETTLED; $100 + ALERT,12/6/2017
SPENCERVILLE MARKET,"2215 SPENCERVILLE ROAD , SPENCERVILLE, MD 20860",11/5/2017,SALE TO MINOR,SETTLED; $1000 + ALERT,12/11/2017
MAMMA LUCIA,"1302 EAST WEST HGWY. , SILVER SPRING, MD 20910",9/27/2017,SALE TO MINOR,SETTLED; $1000 + ALERT,10/25/2017
GENTLEMAN JIM'S RESTAURANT,"18917 EARHART COURT , GAITHERSBURG, MD 20879",9/10/2017,SELLING/SERVING ALCOHOL AFTER PERMITTED HOURS,SETTLED; $1000 + ALERT,11/9/2017
SPENCERVILLE MARKET,"2215 SPENCERVILLE ROAD , SPENCERVILLE, MD 20860",11/5/2017,EMPLOYEE RECORDS NOT AVAILABLE WHEN REQUESTED,SETTLED; $500 + ALERT,12/11/2017
GENTLEMAN JIM'S RESTAURANT,"18917 EARHART COURT , GAITHERSBURG, MD 20879",8/20/2017,SELLING/SERVING ALCOHOL AFTER PERMITTED HOURS,SETTLED; $1000 + ALERT,11/9/2017
IL PIZZICO,"15209 FREDERICK ROAD , ROCKVILLE, MD 20850-1112",8/25/2017,SALE TO MINOR,SETTLED; $1000 + ALERT,9/19/2017
4935 BAR & KITCHEN,"4935 CORDELL AVENUE , BETHESDA, MD 20814",3/4/2017,ACTS CONTRARY TO LAW,SETTLED; $2500 + ALERT,12/13/2017
BOBBY'S BURGER PALACE,"7101 DEMOCRACY BLVD. , BETHESDA, MD 20817",9/6/2017,SALE TO MINOR,SETTLED; $1000 + ALERT,9/22/2017
CLYDES TOWER OAKS LODGE,"2 PRESERVE PKWY. , ROCKVILLE, MD 20852",9/15/2017,ALCOHOL AWARENESS CERTIFIED PERSON NOT ON PREMISES,SETTLED; $100 + ALERT,10/20/2017
CANCUN MEXICAN CUISINE,"117 E. DIAMOND AVE. , GAITHERSBURG, MD 20877",9/10/2017,LICENSEES' RESPONSIBILITY,SETTLED; $500 + ALERT,11/6/2017
HOLIDAY INN EXPRESS & SUITES,"20260 GOLDENROD LANE , GERMANTOWN, MD 20876",8/25/2017,SALE TO MINOR,SETTLED; $1000 + ALERT,9/13/2017
GORDON BIERSCH BREWERY RESTAURANT,"200 EAST MIDDLE LANE UNIT A, ROCKVILLE, MD 20850",8/24/2017,ALCOHOL AWARENESS CERTIFIED PERSON NOT ON PREMISES,SETTLED; $100 + ALERT,9/22/2017
CLYDES TOWER OAKS LODGE,"2 PRESERVE PKWY. , ROCKVILLE, MD 20852",9/15/2017,RECORDS INVOICE VIOLATION,SETTLED; $500 + ALERT,10/20/2017
CLYDES TOWER OAKS LODGE,"2 PRESERVE PKWY. , ROCKVILLE, MD 20852",11/22/2017,PATRON LEAVING PREMISE WITH OPEN ALCOHOL CONTAINER,SETTLED; $500 + ALERT,12/18/2017
NORTHWEST PARK GOLF SNACK BAR,"15701 LAYHILL ROAD , SILVER SPRING, MD 20906",11/5/2017,SALE TO MINOR,SETTLED; $1000 + ALERT,12/6/2017
CANCUN MEXICAN CUISINE,"117 E. DIAMOND AVE. , GAITHERSBURG, MD 20877",9/10/2017,LICENSE NOT PROPERLY DISPLAYED,SETTLED; $100 + ALERT,11/6/2017
POOLESVILLE GOLF COURSE,"16601 WEST WILLARD RD , POOLESVILLE, MD 20837",11/5/2017,SALE TO MINOR,SETTLED; $1000 + ALERT,12/6/2017
RATTLEWOOD GOLF COURSE,"13501 PENN SHOP ROAD , DAMASCUS, MD 20872",11/5/2017,SALE TO MINOR,SETTLED; $1000 + ALERT,11/8/2017
SUMMER HOUSE SANTA MONICA/STELLA BARRA PIZZERIA,"11825 GRANDPARK AVENUE , ROCKVILLE, MD 20852",10/10/2017,SALE TO MINOR,SETTLED; $1000 + ALERT,10/30/2017
CANCUN MEXICAN CUISINE,"117 E. DIAMOND AVE. , GAITHERSBURG, MD 20877",9/10/2017,EMPLOYEE RECORDS NOT AVAILABLE WHEN REQUESTED,SETTLED; $500 + ALERT,11/6/2017
KOREAN KORNER,"12207 VEIRS MILL ROAD , WHEATON, MD 20906",8/31/2017,SALE TO MINOR,SETTLED; $1000 + ALERT,10/4/2017
BASSETT'S,"19950 FISHER AVE. , POOLESVILLE, MD 20837-2076",10/18/2017,SALE TO MINOR,SETTLED; $1000 + ALERT,11/9/2017
NEW VILLAGE RESTAURANT,"11540 MIDDLEBROOK ROAD , GERMANTOWN, MD 20876",8/4/2017,ALCOHOL AWARENESS CERTIFIED PERSON NOT ON PREMISES,SETTLED; $100 + ALERT,9/11/2017
NEW VILLAGE RESTAURANT,"11540 MIDDLEBROOK ROAD , GERMANTOWN, MD 20876",8/4/2017,LICENSE NOT PROPERLY DISPLAYED,SETTLED; $100 + ALERT,9/11/2017
THE YO YO CAFE,"13843 OUTLET DRIVE , SILVER SPRING, MD 20904",10/6/2017,SALE TO MINOR,SETTLED; $1000 + ALERT,11/6/2017
GENTLEMAN JIM'S RESTAURANT,"18917 EARHART COURT , GAITHERSBURG, MD 20879",8/21/2017,SELLING/SERVING ALCOHOL AFTER PERMITTED HOURS,SETTLED; $1000 + ALERT,11/9/2017
4935 BAR & KITCHEN,"4935 CORDELL AVENUE , BETHESDA, MD 20814",5/13/2017,DISORDERLY HOUSE,SETTLED; $1000 + ALERT,12/13/2017
GENTLEMAN JIM'S RESTAURANT,"18917 EARHART COURT , GAITHERSBURG, MD 20879",8/19/2017,SELLING/SERVING ALCOHOL AFTER PERMITTED HOURS,SETTLED; $1000 + ALERT,11/9/2017
7-ELEVEN GLEN ECHO,"7305 MACARTHUR BLVD , BETHESDA, MD 20816",8/30/2017,SALE TO MINOR,SETTLED; $1000 + ALERT,12/8/2017
BANGKOK GARDEN RESTAURANT,"4906 SAINT ELMO AVE. , BETHESDA, MD 20814-6008",9/17/2017,SALE TO MINOR,SETTLED; $2500 + ALERT,10/13/2017
LEBANESE TAVERNA,"7141 ARLINGTON ROAD , BETHESDA, MD 20814",9/15/2017,SALE TO MINOR,SETTLED; $1000 + ALERT,11/30/2017
BETHESDA CO-OP,"6500 SEVEN LOCKS ROAD , CABIN JOHN, MD 20818",8/30/2017,SALE TO MINOR,SETTLED; $1000 + ALERT,9/21/2017
THE THAI CUISINE RESTAURANT,"757 HUNGERFORD DRIVE , ROCKVILLE, MD 20850",7/28/2017,RECORDS INVOICE VIOLATION,SETTLED; $500 + ALERT,8/10/2017
TURNTABLE,"4862 CORDELL AVENUE , BETHESDA, MD 20814",9/12/2017,SELLING/SERVING ALCOHOL AFTER PERMITTED HOURS,SETTLED; $1000 + ALERT,11/30/2017
CAFE DELUXE,"4910 ELM STREET , BETHESDA, MD 20814",9/15/2017,SALE TO MINOR,SETTLED; $1000 + ALERT,10/9/2017
LUCKY STRIKE,"7101 DEMOCRACY BLVD #1022, BETHESDA, MD 20817",9/6/2017,SALE TO MINOR,SETTLED; $1000 + ALERT,10/2/2017
OLD WORLD FAVORITES,"3854 INTERNATIONAL DRIVE , SILVER SPRING, MD 20906",7/31/2017,ALCOHOL AWARENESS CERTIFIED PERSON NOT ON PREMISES,SETTLED; $100 + ALERT,9/5/2017
BRANDED 72,"387 EAST GUDE DRIVE , ROCKVILLE, MD 20850",10/13/2017,ALCOHOL AWARENESS CERTIFIED PERSON NOT ON PREMISES,SETTLED; $500 + ALERT,12/12/2017
LEBANESE TAVERNA,"7141 ARLINGTON ROAD , BETHESDA, MD 20814",9/15/2017,ALCOHOL AWARENESS CERTIFIED PERSON NOT ON PREMISES,SETTLED; $100 + ALERT,11/30/2017
MAMMA LUCIA,"4916 ELM STREET , BETHESDA, MD 20814",9/15/2017,LICENSE NOT PROPERLY DISPLAYED,SETTLED; $100 + ALERT,12/5/2017
DUCK DUCK GOOSE,"7929 NORFOLK GOOSE , BETHESDA, MD 20814",11/3/2017,SALE TO MINOR,SETTLED; $1000 + ALERT,11/30/2017
BOULEVARD TAVERN,"311 KENTLANDS BOULEVARD , GAITHERSBURG, MD 20878",7/17/2017,DISORDERLY HOUSE,SETTLED; $1000 + ALERT,9/19/2017
EGGSPECTATION,"923 ELLSWORTH DRIVE , SILVER SPRING, MD 20910",11/8/2017,SALE TO MINOR,SETTLED; $1000 + ALERT,11/29/2017
MIX BAR & GRILLE,"9812 FALLS RD , POTOMAC, MD 20854",8/30/2017,LICENSE NOT PROPERLY DISPLAYED,SETTLED; $100 + ALERT,12/1/2017
GREATEST AMERICAN HOT DOGS,"7206 MUNCASTER MILL ROAD , DERWOOD, MD 20855",10/19/2017,ALCOHOL AWARENESS CERTIFIED PERSON NOT ON PREMISES,SETTLED; $100 + ALERT,12/7/2017
M & N PIZZA,"7750 OLD GEORGETOWN ROAD , BETHESDA, MD 20814",9/21/2017,SALE TO MINOR,SETTLED; $1000 + ALERT,10/24/2017
BACCHUS OF LEBANON,"7945 NORFOLK AVE. , BETHESDA, MD 20814",11/3/2017,SALE TO MINOR,SETTLED; $1000 + ALERT,12/1/2017
TURNTABLE,"4862 CORDELL AVENUE , BETHESDA, MD 20814",11/29/2017,LICENSE NOT PROPERLY DISPLAYED,SETTLED; $100 + ALERT,11/30/2017
ARCLIGHT CINEMAS,"7101 DEMOCRACY BLVD , BETHESDA, MD 20817",9/6/2017,SALE TO MINOR,SETTLED; $1000 + ALERT,10/2/2017
MISSON BBQ,"885 ROCKVILLE PIKE , ROCKVILLE, MD 20852",8/10/2017,SALE TO MINOR,SETTLED; $1000 + ALERT,10/5/2017
SUMMIT HILLS MINI MART,"8518 16TH STREET , SILVER SPRING, MD 20910",9/27/2017,SALE TO MINOR,SETTLED; $1000 + ALERT,10/23/2017
MAMMA LUCIA,"4916 ELM STREET , BETHESDA, MD 20814",9/15/2017,SALE TO MINOR,SETTLED; $2500 + ALERT,12/5/2017
DAWSON'S MARKET,"225 NORTH WASHINGTON , ROCKVILLE, MD 20850",8/4/2017,SALE TO MINOR,SETTLED; $2500 + ALERT,9/5/2017
SALA THAI BETHESDA,"4828 CORDELL AVE. , BETHESDA, MD 20814",9/21/2017,SALE TO MINOR,SETTLED; $1000 + ALERT,10/20/2017
FONTINA GRILLE,"801 PLEASANT DRIVE , ROCKVILLE, MD 20850",7/16/2017,LICENSE NOT PROPERLY DISPLAYED,SETTLED; $100 + ALERT,8/10/2017
MIX BAR & GRILLE,"9812 FALLS RD , POTOMAC, MD 20854",8/30/2017,ALCOHOL AWARENESS CERTIFIED PERSON NOT ON PREMISES,SETTLED; $100 + ALERT,12/1/2017
BOULEVARD TAVERN,"311 KENTLANDS BOULEVARD , GAITHERSBURG, MD 20878",5/13/2017,DISORDERLY HOUSE,SETTLED; $2500 + ALERT,9/19/2017
THE THAI CUISINE RESTAURANT,"757 HUNGERFORD DRIVE , ROCKVILLE, MD 20850",7/28/2017,ALCOHOL AWARENESS CERTIFIED PERSON NOT ON PREMISES,SETTLED; $100 + ALERT,8/10/2017
LE VIEUX LOGIS,"7925 OLD GEORGETOWN ROAD , BETHESDA, MD 20814",11/3/2017,SALE TO MINOR,SETTLED; $1000 + ALERT,11/29/2017
KALDI'S COFFEE,"918 SILVER SPRING AVENUE , SILVER SPRING, MD 20910",7/2/2017,DISPENSING LIQUOR BY BOTTLE FOR CONSUMPTION ONSITE,SETTLED; $1000 + ALERT,8/24/2017
VASILI'S KITCHEN,"705 CENTER POINT WAY , GAITHERSBURG, MD 20878",8/2/2017,SALE TO MINOR,SETTLED; $1000 + ALERT,9/6/2017
BETHESDA CRAB HOUSE,"4958 BETHESDA AVE. , BETHESDA, MD 20814-5204",9/17/2017,SALE TO MINOR,SETTLED; $1000 + ALERT,10/18/2017
EL PATIO,"5240 RANDOLPH ROAD , ROCKVILLE, MD 20852",8/25/2017,SALE TO MINOR,SETTLED; $1000 + ALERT,9/14/2017
KENSINGTON SUB & PIZZA,"3701 UNIVERSITY BLVD. W. , KENSINGTON, MD 20895-2123",8/31/2017,SALE TO MINOR,SETTLED; $1000 + ALERT,10/4/2017
TACO BAR,"3 RUSSELL AVE A, GAITHERSBURG, MD 20877",8/2/2017,EMPLOYEE RECORDS NOT AVAILABLE WHEN REQUESTED,SETTLED; $500 + ALERT,9/5/2017
ABI AZTECA GRILL,"11514 MIDDLEBROOK RD. , GERMANTOWN, MD 20874",8/4/2017,RECORDS INVOICE VIOLATION,SETTLED; $500 + ALERT,12/20/2017
TACO BAR,"3 RUSSELL AVE A, GAITHERSBURG, MD 20877",8/2/2017,SALE TO MINOR,SETTLED; $1000 + ALERT,9/5/2017
SALA THAI BETHESDA,"4828 CORDELL AVE. , BETHESDA, MD 20814",9/21/2017,ALCOHOL AWARENESS CERTIFIED PERSON NOT ON PREMISES,SETTLED; $500 + ALERT,10/20/2017
TASTEE DINER,"8601 CAMERON STREET , SILVER SPRING, MD 20910",11/3/2017,SALE TO MINOR,SETTLED; $2500 + ALERT,11/29/2017
LILIT CAFE,"7921 OLD GEORGETOWN RD , BETHESDA, MD 20814",11/3/2017,EMPLOYEE RECORDS NOT AVAILABLE WHEN REQUESTED,SETTLED; $500 + ALERT,12/18/2017
MUSSEL BAR BY RW,"7262 WOODMONT AVENUE , BETHESDA, MD 20814",9/15/2017,SALE TO MINOR,SETTLED; $1000 + ALERT,10/12/2017
CALIFORNIA PIZZA KITCHEN,"7101 DEMOCRACY BLVD. , BETHESDA, MD 20817",9/6/2017,SALE TO MINOR,SETTLED; $1000 + ALERT,10/17/2017
FONTINA GRILLE,"801 PLEASANT DRIVE , ROCKVILLE, MD 20850",7/16/2017,ALCOHOL AWARENESS CERTIFIED PERSON NOT ON PREMISES,SETTLED; $100 + ALERT,8/10/2017
GISELES CREOLE CUISINE,"2407 PRINCE AVENUE , SILVER SPRING, MD 20902",8/10/2017,SALE TO MINOR,SETTLED; $1000 + ALERT,8/14/2017
LILIT CAFE,"7921 OLD GEORGETOWN RD , BETHESDA, MD 20814",11/3/2017,SALE TO MINOR,SETTLED; $1000 + ALERT,12/18/2017
MISO CAFE,"33 MARYLAND AVENUE UNIT E , ROCKVILLE, MD 20850",8/24/2017,ALCOHOL AWARENESS CERTIFIED PERSON NOT ON PREMISES,SETTLED; $500 + ALERT,10/9/2017
NOT YOUR AVERAGE JOE'S,"8661 COLESVILLE ROAD , SILVER SPRING, MD 20910",11/8/2017,SALE TO MINOR,SETTLED; $1000 + ALERT,12/6/2017
MIX BAR & GRILLE,"9812 FALLS RD , POTOMAC, MD 20854",8/30/2017,SALE TO MINOR,SETTLED; $1000 + ALERT,12/1/2017
EL AGUILA RESTAURANT,"8649 16TH STREET , SILVER SPRING, MD 20910",9/27/2017,LICENSE NOT PROPERLY DISPLAYED,SETTLED; $100 + ALERT,11/28/2017
MAMMA LUCIA,"4916 ELM STREET , BETHESDA, MD 20814",9/15/2017,EMPLOYEE RECORDS NOT AVAILABLE WHEN REQUESTED,SETTLED; $500 + ALERT,12/5/2017
MI RANCHO,"8701 RAMSEY LANE , SILVER SPRING, MD 20910",11/3/2017,SALE TO MINOR,SETTLED; $1000 + ALERT,12/20/2017
PARKWAY DELICATESSEN,"8317 GRUBB ROAD , SILVER SPRING, MD 20910",12/6/2017,SALE TO MINOR,SETTLED; $2500 + ALERT,12/22/2017
ERTTERS SUPERMARKET,"521 DALE DRIVE , SILVER SPRING, MD 20910",12/6/2017,SALE TO MINOR,"SETTLED; $1,000+ ALERT",12/28/2017
ROCK BOTTOM BREWERY,"7900 NORFOLK AVE. , BETHESDA, MD 20814",12/8/2017,RECORDS INVOICE VIOLATION,SETTLED; $500 + ALERT,12/28/2017
WOODSIDE DELI,"9329 GEORGIA AVE. , SILVER SPRING, MD 20910",12/6/2017,SALE TO MINOR,SETTLED; $1000 + ALERT,1/3/2018
CHARM THAI RESTAURANT,"8408 GEORGIA AVENUE UNIT A, SILVER SPRING, MD 20910",12/18/2017,SALE TO MINOR,SETTLED; $1000 + ALERT,1/3/2018
ARAT KILO MARKET AND RESTAURANT,"818 EASLEY STREET , SILVER SPRING, MD 20910",12/5/2017,SALE TO MINOR,SETTLED; $1000 + ALERT,1/10/2018
ISLAND PRIDE OASIS,"617 SOUTH FREDERICK AVENUE , GAITHERSBURG, MD 20877",1/2/2018,RECORDS INVOICE VIOLATION,SETTLED; 500+ALERT,1/16/2018
UNION JACK'S,"4915 SAINT ELMO AVE. , BETHESDA, MD 20814",12/26/2017,ALCOHOL AWARENESS CERTIFIED PERSON NOT ON PREMISES,SETTLED; $100+ALERT,1/25/2018
CORNER PUB,"10111 SUTHERLAND ROAD , SILVER SPRING, MD 20901",12/6/2017,SALE TO MINOR,SETTLED; $1000 + ALERT,1/8/2018
LUKE'S LOBSTER,"7129 BETHESDA LANE , BETHESDA, MD 20814",12/26/2017,ALCOHOL AWARENESS CERTIFIED PERSON NOT ON PREMISES,SETTLED; $100 + ALERT,1/26/2018
ZENE'S DELI & WORLDMARKET,"8113 FENTON STREET , SILVER SPRING, MD 20910",12/5/2017,SALE TO MINOR,SETTLED; $1000 + ALERT,1/8/2018
SHANGRI-LA,"7345 WISCONSIN AVENUE A, BETHESDA, MD 20814",1/4/2018,ALCOHOL AWARENESS CERTIFIED PERSON NOT ON PREMISES,SETTLED; $100+ALERT,1/29/2018
SHANGRI-LA,"7345 WISCONSIN AVENUE A, BETHESDA, MD 20814",1/4/2018,EMPLOYEE RECORDS NOT AVAILABLE WHEN REQUESTED,SETTLED; $500+ALERT,1/29/2018
WOODMOOR SUPERMARKET,"10129 COLESVILLE ROAD , SILVER SPRING, MD 20901",12/6/2017,SALE TO MINOR,SETTLED; $1000.00 + ALERT,1/29/2018
SHANGRI-LA,"7345 WISCONSIN AVENUE A, BETHESDA, MD 20814",1/4/2018,SALE TO MINOR,SETTLED; $1000 + ALERT,1/29/2018
P.F. CHANG'S CHINA BISTRO,"5406 WISCONSIN AVENUE B, CHEVY CHASE, MD 20815",1/12/2018,SALE TO MINOR,SETTLED; $1000 + ALERT,1/30/2018
CURRY PLACE,"12951 WISTERIA DRIVE , GERMANTOWN, MD 20874",10/30/2017,LICENSE NOT PROPERLY DISPLAYED,SETTLED; $100 + ALERT,1/30/2018
PERUVIAN COUNTRY CHICKEN,"10118 COLESVILLE ROAD , SILVER SPRING, MD 20901",12/6/2017,SALE TO MINOR,SETTLED; $1000 + ALERT,1/30/2018
PERUVIAN COUNTRY CHICKEN,"10118 COLESVILLE ROAD , SILVER SPRING, MD 20901",12/6/2017,EMPLOYEE RECORDS NOT AVAILABLE WHEN REQUESTED,SETTLED; $500 + ALERT,1/30/2018
GRINGOS & MARIACHIS,"4928 CORDELL AVENUE , BETHESDA, MD 20814",1/12/2018,SALE TO MINOR,SETTLED; $1000+ALERT,2/1/2018
CHEESE & WINE SHOPPE,"2501 ENNALLS AVE. , WHEATON, MD 20902",1/9/2018,SALE/SERVICE TO INTOXICATED PATRON,SETTLED; $2500 + ALERT,2/1/2018
PI PIZZERIA,"7137 WISCONSIN AVENUE , BETHESDA, MD 20814",1/4/2018,SALE TO MINOR,SETTLED; $1000 + ALERT,2/5/2018
ALL SET,"8630 FENTON STREET , SILVER SPRING, MD 20910",1/17/2018,SALE TO MINOR,SETTLED; $1000 + ALERT,2/5/2018
PI PIZZERIA,"7137 WISCONSIN AVENUE , BETHESDA, MD 20814",1/4/2018,EMPLOYEE RECORDS NOT AVAILABLE WHEN REQUESTED,SETTLED; $500 + ALERT,2/5/2018
BENIHANA OF TOKYO,"7935 WISCONSIN AVE. , BETHESDA, MD 20814",1/12/2018,SALE TO MINOR,SETTLED; $1000 + ALERT,2/6/2018
BENIHANA OF TOKYO,"7935 WISCONSIN AVE. , BETHESDA, MD 20814",1/12/2018,EMPLOYEE RECORDS NOT AVAILABLE WHEN REQUESTED,SETTLED; $500 + ALERT,2/6/2018
GHAR-E-KABAB,"944 WAYNE AVENUE , SILVER SPRING, MD 20910",1/17/2018,SALE TO MINOR,SETTLED; $1000 + ALERT,2/8/2018
PHOLUSCIOUS,"10048 DARNESTOWN ROAD , ROCKVILLE, MD 20850",1/24/2018,ALCOHOL AWARENESS CERTIFIED PERSON NOT ON PREMISES,SETTLED; $100 + ALERT,2/8/2018
ARADA MARKET,"6844 NEW HAMPSHIRE AVE , TAKOMA PARK, MD 20912",1/17/2018,SALE TO MINOR,SETTLED; $1000 + ALERT,2/8/2018
MIX BAR & GRILLE,"8241 GEORGIA AVENUE , SILVER SPRING, MD 20910",1/23/2018,SALE TO MINOR,SETTLED; $1000+ALERT,2/9/2018
LIMARIA POLLO A LA BRASA,"74 BUREAU DRIVE , GAITHERSBURG, MD 20878",1/17/2018,LICENSE NOT PROPERLY DISPLAYED,SETTLED; $100+ALERT,2/9/2018
SUYAMASTER,"2302 PRICE AVENUE , WHEATON, MD 20902",3/31/2017,SALE TO MINOR,SETTLED; $1000.00 + ALERT,2/12/2018
LOTUS CAFE,"8077 GEORGIA AVE , SILVER SPRING, MD 20910",1/23/2018,EMPLOYEE RECORDS NOT AVAILABLE WHEN REQUESTED,SETTLED; $500 + ALERT,2/14/2018
SARDIS FUSION,"3418 OLNEY-LAYTONSVILLE ROAD , OLNEY, MD 20832",12/4/2017,FAILED TO LABEL PRODUCTS FROM DISPENSING APPARATUS,SETTLED; $500 + ALERT,2/13/2018
LOTUS CAFE,"8077 GEORGIA AVE , SILVER SPRING, MD 20910",1/23/2018,SALE TO MINOR,SETTLED; $2500 + ALERT,2/14/2018
BUMP N GRIND,"1200 EAST WEST HWY , SILVER SPRING, MD 20910",1/23/2018,SALE TO MINOR,SETTLED; $1000 + ALERT,2/20/2018
ABYSSINIA RESTAURANT,"8221 GEORGIA AVENUE , SILVER SPRING, MD 20910",2/14/2018,SALE TO MINOR,SETTLED; $2500 + ALERT,2/27/2018
BUCA DI BEPPO,"122 KENTLANDS BLVD. , GAITHERSBURG, MD 20878",1/30/2018,ALCOHOL AWARENESS CERTIFIED PERSON NOT ON PREMISES,SETTLED; $100 + ALERT,2/27/2018
COURTYARD BY MARRIOTT - SILVER SPRING,"8506 FENTON STREET , SILVER SPRING, MD 20910",2/14/2018,SALE TO MINOR,SETTLED; $2500 + ALERT,3/5/2018
WOK EXPRESS,"9615 LOST KNIFE ROAD , GAITHERSBURG, MD 20877",1/3/2018,ALCOHOL AWARENESS CERTIFIED PERSON NOT ON PREMISES,SETTLED; $500 + ALERT,3/6/2018
POCKET BAR & GRILL,"15535 NEW HAMPSHIRE AVENUE , SILVER SPRING, MD 20905",9/16/2017,ACTS CONTRARY TO LAW,SETTLED; $500 + ALERT,2/15/2018
LITTLE DIPPER HOT POT SAUCE,"78101 A GIBBS STREET , ROCKVILLE, MD 20850",2/12/2018,ALCOHOL AWARENESS CERTIFIED PERSON NOT ON PREMISES,SETTLED; $100+ALERT,3/13/2018
WHITE OAK CONVENIENCE STORE,"11407 LOCKWOOD DRIVE , SILVER SPRING, MD 20904-2610",1/11/2018,SALE TO MINOR,SETTLED; $1000+ALERT,3/13/2018
BISTRO PROVENCE,"4933 FAIRMONT AVENUE , BETHESDA, MD 20814",2/28/2018,SALE TO MINOR,SETTLED; $1000+ALERT,3/19/2018
DINGNESH ETHIOPIAN RESTAURANT,"4865 CORDELL AVE , BETHESDA, MD 20814",2/28/2018,SALE TO MINOR,SETTLED; $1000+ALERT,3/22/2018
OLAZZO RESTAURANT,"8235 GEORGIA AVENUE , SILVER SPRING, MD 20910",2/14/2018,SALE TO MINOR,SETTLED; $1000+ALERT,3/22/2018
MI PUEBLITO RESTAURANT,"6 NORTH SUMMIT AVENUE , GAITHERSBURG, MD 20877",2/22/2018,RECORDS INVOICE VIOLATION,SETTLED; $500 + ALERT,3/22/2018
CALIFORNIA GRILL,"14 BUREAU DRIVE , GAITHERSBURG, MD 20877",1/17/2018,ALCOHOL AWARENESS CERTIFIED PERSON NOT ON PREMISES,SETTLED; $100 + ALERT,3/13/2018
TIA QUETA RESTAURANT,"4839 DEL RAY AVE. , BETHESDA, MD 20814",2/28/2018,SALE TO MINOR,SETTLED; $1000+ALERT,3/26/2018
VILLAGE BEER & WINE,"5526 NORBECK ROAD , ROCKVILLE, MD 20853",2/27/2018,ALCOHOL AWARENESS CERTIFIED PERSON NOT ON PREMISES,SETTLED; $100+ALERT,3/26/2018
ANDY'S BEER AND WINE,"15523 NEW HAMPSHIRE AVE , SILVER SPRING, MD 20905",1/26/2018,STORAGE,SETTLED; $600+ALERT,3/15/2018
PASSAGE TO INDIA,"4931 CORDELL AVE. , BETHESDA, MD 20814",1/18/2018,SALE TO MINOR,SETTLED; $1000 + ALERT,3/27/2018
ARMANDS CHICAGO PIZZERIA,"1909 SEMINARY ROAD , SILVER SPRING, MD 20910",1/6/2018,AGE OF EMPLOYEE VIOLATION,SETTLED; $1000 + ALERT,2/27/2018
BEATESUB MARKET & CARRYOUT,"8201 GEORGIA AVE , SILVER SPRING, MD 20910",2/14/2018,EMPLOYEE RECORDS NOT AVAILABLE WHEN REQUESTED,SETTLED; $500+ ALERT,3/12/2018
KAYPI RESTAURANT,"2005 VEIRS MILL ROAD , ROCKVILLE, MD 20851",8/10/2017,SALE TO MINOR,SETTLED; $1000 + ALERT,2/7/2018
RESTAURANT POLLOS EL MESON,"615 SOUTH FREDERICK AVENUE , GAITHERSBURG, MD 20877",1/2/2018,ALCOHOL AWARENESS CERTIFIED PERSON NOT ON PREMISES,SETTLED; $100+ALERT,2/7/2018
LE PAIN QUOTIDIEN,"7140 BETHESDA LANE , BETHESDA, MD 20814",9/15/2017,ALCOHOL AWARENESS CERTIFIED PERSON NOT ON PREMISES,SETTLED; 100 + ALERT,4/4/2018
LE PAIN QUOTIDIEN,"7140 BETHESDA LANE , BETHESDA, MD 20814",9/15/2017,SALE TO MINOR,"SETTLED; 10,000 + ALERT",4/4/2018
DAVE & BUSTER'S,"8661 COLESVILLE RD , SILVER SPRING, MD 20910",3/8/2018,SALE TO MINOR,SETTLED; $1000 + ALERT,4/6/2018
PROMENADE MARKET & DELI,"5225 POOKS HILL ROAD , BETHESDA, MD 20814",3/13/2018,ALCOHOL AWARENESS CERTIFIED PERSON NOT ON PREMISES,SETTLED; $100+ALERT,4/11/2018
LEDO PIZZA,"10301 WESTLAKE DRIVE , BETHESDA, MD 20817",3/13/2018,SALE TO MINOR,SETTLED; $1000+ALERT,4/11/2018
PROMENADE MARKET & DELI,"5225 POOKS HILL ROAD , BETHESDA, MD 20814",3/13/2018,SALE TO MINOR,SETTLED; $1000+ ALERT,4/11/2018
LUCY ETHIOPIAN RESTAURANT,"8301 GEORGIA AVENUE , SILVER SPRING, MD 20910",3/8/2018,EMPLOYEE RECORDS NOT AVAILABLE WHEN REQUESTED,SETTLED; $500 + ALERT,4/11/2018
SILVER SPRING MART,"8211 FENTON , SILVER SPRING, MD 20910",12/5/2017,SALE TO MINOR,SETTLED; $1000 + ALERT,1/8/2018
MOTI'S MARKET,"4860 BOILING BROOK PKWY. , ROCKVILLE, MD 20852",8/31/2017,SALE TO MINOR,SETTLED; $2500 + ALERT,1/26/2018
7  ELEVEN FOOD STORE 11713A,"14101 GEORGIA AVE. , WHEATON, MD 20906",4/3/2018,ALCOHOL AWARENESS CERTIFIED PERSON NOT ON PREMISES,SETTLED; $100 + ALERT,4/19/2018
7  ELEVEN FOOD STORE 11713A,"14101 GEORGIA AVE. , WHEATON, MD 20906",4/3/2018,EMPLOYEE RECORDS NOT AVAILABLE WHEN REQUESTED,SETTLED; $500+ALERT,4/19/2018
KEMP MILL BEER WINE & DELI,"1339 LAMBERTON DRIVE , SILVER SPRING, MD 20902-3414",1/17/2018,SALE TO MINOR,SETTLED; $1000 + ALERT,4/20/2018
MINERVA INDIAN CUISINE,"16240 FREDERICK ROAD , GAITHERSBURG, MD 20877",1/25/2018,ALCOHOL AWARENESS CERTIFIED PERSON NOT ON PREMISES,SETTLED; $500 + ALERT,4/23/2018
DIETLES,"11010 ROCKVILLE PIKE , ROCKVILLE, MD 20852",10/11/2017,SALE TO MINOR,SETTLED; $1000+ ALERT,2/6/2018
BLACK'S BAR & KETCHEN,"7750 WOODMONT AVE. , BETHESDA, MD 20814",1/18/2018,SALE TO MINOR,SETTLED; $1000 + ALERT,4/25/2018
RAINBOW SUSHI,"18076 MATENY RD , GERMANTOWN, MD 20874",4/2/2018,RECORDS INVOICE VIOLATION,SETTLED;$500 + ALERT,4/25/2018
GREEN GROWLER'S,"227 E. DIAMOND AVE , GAITHERSBURG, MD 20878",4/2/2018,ALCOHOL AWARENESS CERTIFIED PERSON NOT ON PREMISES,SETTLED; $100 + ALERT,4/25/2018
OLD TOWN POUR HOUSE,"212 ELLINGTON BOULEVARD , GAITHERSBURG, MD 20878",12/15/2017,DISORDERLY HOUSE,SETTLED; $1000+ALERT,4/26/2018
GODAVARI,"9011 GAITHER ROAD , GAITHERSBURG, MD 20877",4/2/2018,EMPLOYEE RECORDS NOT AVAILABLE WHEN REQUESTED,SETTLED; $500+ALERT,4/26/2018
CAFE PROMENADE,"5225 POOKS HILL ROAD , BETHESDA, MD 20814",3/13/2018,SALE TO MINOR,SETTLED; $1000+ALERT,4/27/2018
THE OFFICE CAFE & LOUNGE,"6860 OLNEY-LAYTONSVILLE ROAD , LAYTONSVILLE, MD 20882",10/18/2017,SALE TO MINOR,SETTLED; $2500 + ALERT,4/30/2018
EL AGUILA,"7926 GEORGIA AVENUE , SILVER SPRING, MD 20910",11/3/2017,SALE TO MINOR,SETTLED; $1000+ALERT,5/2/2018
EL AGUILA RESTAURANT,"8649 16TH STREET , SILVER SPRING, MD 20910",9/27/2017,SALE TO MINOR,SETTLED; $1000 + ALERT,11/28/2017
HECKMAN'S DELICATESSEN,"4914 CORDELL AVENUE , BETHESDA, MD 20814",1/12/2018,SALE TO MINOR,SETTLED; $1000+ALERT,5/1/2018
ARMANDS CHICAGO PIZZERIA,"1909 SEMINARY ROAD , SILVER SPRING, MD 20910",1/13/2018,SALE TO MINOR,SETTLED; $2500+ALERT,2/27/2018
ROSSMOOR LEISURE WORLD,"3700 ROSSMOOR BLVD. , SILVER SPRING, MD 20906",5/14/2018,ALCOHOL AWARENESS CERTIFIED PERSON NOT ON PREMISES,SETTLED;$100+ALERT,5/29/2018
LA FONDA CHIQUITA CAFE,"6838 NEW HAMPSHIRE AVE. , TAKOMA PARK, MD 20912",4/11/2018,EMPLOYEE RECORDS NOT AVAILABLE WHEN REQUESTED,SETTLED;$500+ALERT,5/29/2018
PANDORA SEAFOOD HOUSE,"36 A MARYLAND AVENUE , ROCKVILLE, MD 20850",5/7/2018,LICENSE NOT PROPERLY DISPLAYED,SETTLED; $100+ALERT,6/1/2018
PANDORA SEAFOOD HOUSE,"36 A MARYLAND AVENUE , ROCKVILLE, MD 20850",5/7/2018,RECORDS INVOICE VIOLATION,SETTLED; $500+ALERT,6/1/2018
TAKOMA BEVERAGE COMPANY,"6917 LAUREL AVENUE , TAKOMA PARK, MD 20912",4/11/2018,SALE TO MINOR,SETTLED; $1000+ALERT,6/1/2018
PANDORA SEAFOOD HOUSE,"36 A MARYLAND AVENUE , ROCKVILLE, MD 20850",5/7/2018,ALCOHOL AWARENESS CERTIFIED PERSON NOT ON PREMISES,SETTLED; $100+ALERT,6/1/2018
CORK & FORK,"7110 BETHESDA LANE , BETHESDA, MD 20814",9/15/2017,SALE TO MINOR,$2500+ALERT,11/30/2017
FIRE STATION 1,"8131 GEORGIA AVENUE , SILVER SPRING, MD 20910",1/23/2018,SALE TO MINOR,$1000+ALERT,5/6/2018
EL ENCANTO,"8035 SNOUFFER SCHOOL ROAD , GAITHERSBURG, MD 20879",5/15/2018,RECORDS INVOICE VIOLATION,SETTLED; $500+ALERT,6/6/2018
ODALIS,"8215 GEORGIA AVENUE , SILVER SPRING, MD 20910",3/12/2018,EMPLOYEE RECORDS NOT AVAILABLE WHEN REQUESTED,SETTLED; $500 + ALERT,6/12/2018
BECLAWS,"2404 UNIVERSITY BOULEVARD , SILVER SPRING, MD 20902",4/10/2018,ALCOHOL AWARENESS CERTIFIED PERSON NOT ON PREMISES,SETTLED; 100+ALERT,6/12/2018
LUCY ETHIOPIAN RESTAURANT,"8301 GEORGIA AVENUE , SILVER SPRING, MD 20910",3/8/2018,SALE TO MINOR,SETTLED; $2500 + ALERT,6/13/2018
HONEY PIG,"19727 FREDERICK ROAD , GERMANTOWN, MD 20876",5/21/2018,STORAGE,SETTLED; $600 + ALERT (3 UNAPPROVED SOURCES),6/14/2018
HIBACHI SUSHI SUPREME BUFFET,"8 BUREAU DRIVE , GAITHERSBURG, MD 20878",5/30/2018,RECORDS INVOICE VIOLATION,SETTLED; $500+ALERT,6/14/2018
HIBACHI SUSHI SUPREME BUFFET,"8 BUREAU DRIVE , GAITHERSBURG, MD 20878",5/30/2018,ALCOHOL AWARENESS CERTIFIED PERSON NOT ON PREMISES,SETTLED; $100+ALERT,6/14/2018
FONTINA GRILLE,"801 PLEASANT DRIVE , ROCKVILLE, MD 20850",4/28/2018,ALCOHOL AWARENESS CERTIFIED PERSON NOT ON PREMISES,SETTLED; $500+ALERT,6/28/2018
CAFE PROMENADE,"5225 POOKS HILL ROAD , BETHESDA, MD 20814",5/14/2018,ALCOHOL AWARENESS CERTIFIED PERSON NOT ON PREMISES,SETTLED; $100+ALERT,7/2/2018
I ROCK KARAOKE LOUNGE,"15964 SHADY GROVE RD. , GAITHERSBURG, MD 20877",6/14/2018,RECORDS INVOICE VIOLATION,SETTLED; $500+ALERT,7/6/2018
WESTLAKE BEER & WINE,"10442 AUTOPARK AVENUE , BETHESDA, MD 20817",3/13/2018,SALE TO MINOR,SETTLED; $1000+ALERT,3/29/2018
PRIME BEER & WINE,"12842 NEW HAMPSHIRE AVE , SILVER SPRING, MD 20904",1/11/2018,EMPLOYEE RECORDS NOT AVAILABLE WHEN REQUESTED,SETTLED; $500+ALERT,7/11/2018
FIRE STATION 1,"8131 GEORGIA AVENUE , SILVER SPRING, MD 20910",7/4/2018,SELLING/SERVING ALCOHOL AFTER PERMITTED HOURS,SETTLED; $2500+ALERT,7/19/2018
PANDORA SEAFOOD HOUSE,"36 A MARYLAND AVENUE , ROCKVILLE, MD 20850",6/7/2018,ALCOHOL AWARENESS CERTIFIED PERSON NOT ON PREMISES,SETTLED;$500+ALERT,7/19/2018
EL ESTERON RESTAURANT,"8500 DAKOTA DRIVE , GAITHERSBURG, MD 20878",6/28/2018,ALCOHOL AWARENESS CERTIFIED PERSON NOT ON PREMISES,SETTLED; $100+ALERT,7/19/2018
PANDORA SEAFOOD HOUSE,"36 A MARYLAND AVENUE , ROCKVILLE, MD 20850",6/7/2018,FAILED TO LABEL PRODUCTS FROM DISPENSING APPARATUS,SETTLED; $100+ALERT,7/19/2018
PANDORA SEAFOOD HOUSE,"36 A MARYLAND AVENUE , ROCKVILLE, MD 20850",6/7/2018,REFILLING EMPTY/PARTIALLY EMPTY ALCOHOLIC BOTTLES,SETTLED;$1000+ALERT,7/19/2018
RIVERSIDE LOUNGE,"11272 GEORGIA AVENUE , WHEATON, MD 20902",6/28/2018,EMPLOYEE RECORDS NOT AVAILABLE WHEN REQUESTED,SETTLED;$500+ EMPLOYEE RECORDS,7/24/2018
RIVERSIDE LOUNGE,"11272 GEORGIA AVENUE , WHEATON, MD 20902",7/20/2018,STORAGE,SETTLED;$800+ALERT,7/24/2018
PERUVIAN CHICKEN & GRILL,"26400 RIDGE RD , DAMASCUS, MD 20872",7/5/2018,ALCOHOL AWARENESS CERTIFIED PERSON NOT ON PREMISES,SETTED;$100+ALERT,7/24/2018
LA FONDA CHIQUITA CAFE,"6838 NEW HAMPSHIRE AVE. , TAKOMA PARK, MD 20912",4/11/2018,ALCOHOL AWARENESS CERTIFIED PERSON NOT ON PREMISES,SETTLED;$100+ALERT,7/24/2018
RESTAURANT POLLOS EL MESON,"615 SOUTH FREDERICK AVENUE , GAITHERSBURG, MD 20877",5/30/2018,STORAGE,"SETTLED;$4,400+ALERT",8/2/2018
RESTAURANT POLLOS EL MESON,"615 SOUTH FREDERICK AVENUE , GAITHERSBURG, MD 20877",5/30/2018,LICENSE NOT PROPERLY DISPLAYED,SETTLED; $100+ALERT,8/2/2018
RESTAURANT POLLOS EL MESON,"615 SOUTH FREDERICK AVENUE , GAITHERSBURG, MD 20877",5/30/2018,RECORDS INVOICE VIOLATION,SETTLED; $500+ALERT,8/2/2018
WHEATON WINERY,"2211 UNIVERSITY BLVD. W. B, WHEATON, MD 20902-4505",7/20/2018,SALE TO MINOR,SETTLED; $2500+ALERT,8/8/2018
SEAFOOD IN THE BUFF,"12132 GEORGIA AVE , WHEATON, MD 20902",7/19/2018,SALE TO MINOR,SETTLED;$1000+ALERT,8/8/2018
LA FONDA CHIQUITA CAFE,"6838 NEW HAMPSHIRE AVE. , TAKOMA PARK, MD 20912",4/11/2018,SALE TO MINOR,SETTLED; $1000+ALERT,6/26/2018
PERUVIAN CHICKEN & GRILL,"26400 RIDGE RD , DAMASCUS, MD 20872",8/8/2018,AGE OF EMPLOYEE VIOLATION,SETTLED; $1000+ALERT,8/9/2018
PERUVIAN CHICKEN & GRILL,"26400 RIDGE RD , DAMASCUS, MD 20872",8/8/2018,SALE TO MINOR,SETTLED; $1000+ALERT,8/9/2018
CITY TASTE ASIAN CUISINE,"930 WAYNE AVE , SILVER SPRING, MD 20910",7/31/2018,SALE TO MINOR,SETTLED; $1000+ALERT,8/9/2018
CITY TASTE ASIAN CUISINE,"930 WAYNE AVE , SILVER SPRING, MD 20910",7/31/2018,EMPLOYEE RECORDS NOT AVAILABLE WHEN REQUESTED,SETTLED; $500+ALERT,8/9/2018
MIDDLEBROOK DISCOUNT B&W,"19601 FREDERICK RD , GERMANTOWN, MD 20876",7/30/2018,SALE TO MINOR,SETTLED;$1000+ALERT,8/13/2018
LIMARIA POLLO A LA BRASA,"74 BUREAU DRIVE , GAITHERSBURG, MD 20878",8/6/2018,RECORDS INVOICE VIOLATION,SETTLED;$500+ALERT,8/13/2018
RIVERSIDE HOTPOT CUISINE,"820 MUDDY BRANCH ROAD , GAITHERSBURG, MD 20878",7/13/2018,SALE TO MINOR,SEETLED; $1000+ALERT,8/13/2018
SABAI SABAI...SIMPLY THAI,"19847 CENTURY BOULEVARD , GERMANTOWN, MD 20874",7/30/2018,SALE TO MINOR,SETTLED;$1000+ALERT,8/13/2018
RIVERSIDE HOTPOT CUISINE,"820 MUDDY BRANCH ROAD , GAITHERSBURG, MD 20878",7/13/2018,EMPLOYEE RECORDS NOT AVAILABLE WHEN REQUESTED,SETTLED;$500+ALERT,8/13/2018
LIMARIA POLLO A LA BRASA,"74 BUREAU DRIVE , GAITHERSBURG, MD 20878",8/2/2018,SALE TO MINOR,SETTLED; 1000+ALERT,8/13/2018
SUPER CHICKEN,"12611 H WISTERIA DRIVE , GERMANTOWN, MD 20874",7/16/2018,ALCOHOL AWARENESS CERTIFIED PERSON NOT ON PREMISES,SETTLED;$100+ALERT,8/13/2018
LIMARIA POLLO A LA BRASA,"74 BUREAU DRIVE , GAITHERSBURG, MD 20878",8/6/2018,ALCOHOL AWARENESS CERTIFIED PERSON NOT ON PREMISES,SETTLED;$100+ALERT,8/13/2018
SUPER CHICKEN,"12611 H WISTERIA DRIVE , GERMANTOWN, MD 20874",7/16/2018,SALE TO MINOR,SETTLED;$1000+ALERT,8/13/2018
TOKYO SUSHI,"18301 LEAMAN RD , GERMANTOWN, MD 20874",7/16/2018,SALE TO MINOR,SETTLED;$1000+ALERT,8/15/2018
MARK'S KITCHEN,"7006 CARROLL AVENUE , TAKOMA PARK, MD 20912",7/19/2018,SALE TO MINOR,SETTLED;$1000+ALERT,8/15/2018
CHOICE WINE & BEER,"11160 VEIRS MILL RD , WHEATON, MD 20902",7/20/2018,SALE TO MINOR,SETTLED;$1000+ALERT,8/15/2018
GEMELLI'S ITALIAN MARKET,"12169 DARNESTOWN RD , GAITHERSBURG, MD 20878",8/30/2018,SALE TO MINOR,SETTLED; $1000+ALERT,9/20/2018
MARK'S KITCHEN,"7006 CARROLL AVENUE , TAKOMA PARK, MD 20912",7/19/2018,EMPLOYEE RECORDS NOT AVAILABLE WHEN REQUESTED,SETTLED;$500+ALERT,8/15/2018
CHAPEL BEER & WINE,"19727 FREDERICK RD , GERMANTOWN, MD 20876",7/30/2018,SALE TO MINOR,SETTLED; $1000+ALERT,8/17/2018
NOT YOUR AVERAGE JOE'S,"239 KENTLANDS BLVD. , GAITHERSBURG, MD 20878",7/30/2018,SALE TO MINOR,SETTLED; $1000+ALERT,8/21/2018
SILVER SPRING HILTON HOTEL,"8727 COLESVILLE ROAD , SILVER SPRING, MD 20910",4/11/2018,SALE TO MINOR,SETTLED; $8000+ALERT,8/2/2018
LA ANTIGUA RESTAURANT,"11260 GEORGIA AVE , WHEATON, MD 20902",6/28/2018,SALE/SERVICE TO INTOXICATED PATRON,SETTLED; $1000+ALERT,8/24/2018
SENECA MEADOWS BEER & WINE,"20640 SENECA MEADOWS PKWY , GERMANTOWN, MD 20876",7/30/2018,SALE TO MINOR,SETTLED; $1000+ALERT,8/29/2018
SOCIETY RESTAURANT & LOUNGE,"8229 GEORGIA AVE , SILVER SPRING, MD 20910",8/1/2018,NOISE/DISTURBANCE OF THE NEIGHBORHOOD,SETTLED;$1000+ALERT,8/29/2018
ODALIS,"8215 GEORGIA AVENUE , SILVER SPRING, MD 20910",3/8/2018,SALE TO MINOR,SETTLED; $2500 + ALERT,8/29/2018
SOCIETY RESTAURANT & LOUNGE,"8229 GEORGIA AVE , SILVER SPRING, MD 20910",8/1/2018,DISPENSING LIQUOR BY BOTTLE FOR CONSUMPTION ONSITE,SETTLED; $1000+ALERT,8/29/2018
UPCOUNTY FINE WINE & BEER,"23229 STRINGTOWN RD. , CLARKSBURG, MD 20871",8/8/2018,SALE TO MINOR,SETTLED; $1000+ALERT,8/30/2018
LITTLE BENNETT GOLF COURSE,"25900 PRESCOTT ROAD , CLARKSBURG, MD 20871",8/8/2018,SALE TO MINOR,SETTLED; $1000+ALERT,8/30/2018
RUMBA Y CARBON,"11222 GRANDVIEW AVENUE , GAITHERSBURG, MD 20902",7/20/2018,SALE TO MINOR,SETTLED; $1000+ALERT,8/31/2018
GOSHEN PLAZA BEER & WINE,"9150 ROTHBURY DR , MONTGOMERY VILLAGE, MD 20886",8/14/2018,SALE TO MINOR,SETTLED; $1000+ALERT,8/31/2018
LA MEXICANA,"13016 MIDDLEBROOK ROAD , GERMANTOWN, MD 20874",8/10/2018,SALE TO MINOR,SETTLED; $1000+ALERT,8/31/2018
LAKESIDE BEER AND WINE,"9621 LOST KNIFE RD , GAITHERSBURG, MD 20874",8/9/2018,SALE TO MINOR,SETTLED; $1000+ALERT,8/31/2018
RUMBA Y CARBON,"11222 GRANDVIEW AVENUE , GAITHERSBURG, MD 20902",7/20/2018,EMPLOYEE RECORDS NOT AVAILABLE WHEN REQUESTED,SETTLED; $500+ALERT,8/31/2018
MONTGOMERY VILLAGE BEER & WINE,"18286 CONTOUR RD , GAITHERSBURG, MD 20879",8/9/2018,SALE TO MINOR,SETTLED;$1000+ALERT,9/4/2018
MONTGOMERY VILLAGE BEER & WINE,"18286 CONTOUR RD , GAITHERSBURG, MD 20879",8/9/2018,ALCOHOL AWARENESS CERTIFIED PERSON NOT ON PREMISES,SETTLED;$100+ALERT,9/4/2018
ABI AZTECA GRILL,"11514 MIDDLEBROOK RD. , GERMANTOWN, MD 20874",8/17/2018,SALE TO MINOR,SETTLED; $1000+ALERT,9/5/2018
MOONLIGHT BAR,"8035 SNOUFFER SCHOOL RD , GAITHERSBURG, MD 20879",8/14/2018,SALE TO MINOR,SETTLED; $1000+ALERT,9/5/2018
CONVENIENT BEER & WINE,"8441 SNOUFFER SCHOOL RD , GAITHERSBURG, MD 20879",8/14/2018,SALE TO MINOR,SETTLED; $1000+ALERT,9/5/2018
MOONLIGHT BAR,"8035 SNOUFFER SCHOOL RD , GAITHERSBURG, MD 20879",8/14/2018,EMPLOYEE RECORDS NOT AVAILABLE WHEN REQUESTED,SETTLED; $500+ALERT,9/5/2018
NEW YORK J & P PIZZA,"26027 RIDGE ROAD , DAMASCUS, MD 20872",8/8/2018,EMPLOYEE RECORDS NOT AVAILABLE WHEN REQUESTED,SETTLED;$500+ALERT,9/6/2018
TOKYO FIRE,"9811 MAIN ST SUITE 101, DAMASCUS, MD 20872",8/8/2018,SALE TO MINOR,SETTLED; $1000.00,9/6/2018
NEW YORK J & P PIZZA,"26027 RIDGE ROAD , DAMASCUS, MD 20872",8/8/2018,AGE OF EMPLOYEE VIOLATION,SETTLED;$1000+ALERT,9/6/2018
NEW YORK J & P PIZZA,"26027 RIDGE ROAD , DAMASCUS, MD 20872",8/8/2018,ALCOHOL AWARENESS CERTIFIED PERSON NOT ON PREMISES,SETTLED; $100.00 + ALERT,9/6/2018
NEW YORK J & P PIZZA,"26027 RIDGE ROAD , DAMASCUS, MD 20872",8/8/2018,SALE TO MINOR,SETTLED;$1000.00+ALERT,9/6/2018
SENOR TEQUILA'S,"20021 CENTURY BLVD. , GERMANTOWN, MD 20874",7/30/2018,SALE TO MINOR,SETTLED;$1000+ALERT,9/6/2018
EL SOL SALVADOREAN & MEXICAN RESTAURANT,"13881 OUTLET DRIVE C, SILVER SPRING, MD 20904",7/25/2018,RECORDS INVOICE VIOLATION,SETTLED; $500+ALERT,9/7/2018
EL ANDARIEGO,"5 OLNEY SANDY SPRING ROAD , ASHTON, MD 20861",7/31/2018,SALE TO MINOR,SETTLED;$1000+ALERT,9/7/2018
EL SOL SALVADOREAN & MEXICAN RESTAURANT,"13881 OUTLET DRIVE C, SILVER SPRING, MD 20904",7/25/2018,ALCOHOL AWARENESS CERTIFIED PERSON NOT ON PREMISES,SETTLED; $500+ALERT,9/7/2018
DIAMOND SQUARE BEER & WINE,"38 BUREAU DRIVE , GAITHERSBURG, MD 20878",8/9/2018,SALE TO MINOR,SETTLED; $1000+ALERT,9/7/2018
CHEESE & WINE SHOPPE,"2501 ENNALLS AVE. , WHEATON, MD 20902",9/4/2018,APPLICATION - FAILURE TO UPDATE,SETTLED; $1000+ALERT,9/10/2018
3 STAR CONVENIENCE STORE,"18524 WOODFIELD ROAD , GAITHERSBURG, MD 20879",8/14/2018,SALE TO MINOR,SEETLED; $1000+ALERT,9/10/2018
PHO TAN VINH,"8705 COLESVILLE RD , SILVER SPRING, MD 20910",7/19/2018,SALE TO MINOR,SETTLED; $1000+ALERT,9/11/2018
DON POLLO-GERMANTOWN,"21040 A FREDERICK RD , GERMANTOWN, MD 20876",8/21/2018,SALE TO MINOR,SETTLED; $1000+ALERT,9/11/2018
AMY TEX-MEX BAR AND GRILL,"621 SLIGO AVE , SILVER SPRING, MD 20910",8/23/2018,SALE TO MINOR,SETTLED; $1000+ALERT,9/10/2018
NANDO'S PERI PERI,"4839 BETHESDA AVENUE , BETHESDA, MD 20814",7/31/2018,LICENSE NOT PROPERLY DISPLAYED,SETTLED; $100+ALERT,9/10/2018
CHOICE MARKET,"18700 WALKERS CHOICE RD , MONTGOMERY VILLAGE, MD 20886",8/21/2018,ALCOHOL AWARENESS CERTIFIED PERSON NOT ON PREMISES,SETTLED; $100+ALERT,9/13/2018
LA MADELEINE-CROWN,"242 CROWN PARK AVE , GAITHERSBURG, MD 20878",8/17/2018,SALE TO MINOR,SETTLED; $1000+ALERT,9/13/2018
CHOICE MARKET,"18700 WALKERS CHOICE RD , MONTGOMERY VILLAGE, MD 20886",8/21/2018,EMPLOYEE RECORDS NOT AVAILABLE WHEN REQUESTED,SETTLED; $500+ALERT,9/13/2018
CHOICE MARKET,"18700 WALKERS CHOICE RD , MONTGOMERY VILLAGE, MD 20886",8/21/2018,SALE TO MINOR,SETTLED; $1000+ALERT,9/13/2018
PRIME BEER & WINE,"12842 NEW HAMPSHIRE AVE , SILVER SPRING, MD 20904",1/11/2018,SALE TO MINOR,SETTLED; $1000+ALERT,9/13/2018
BARKING MAD CAFE,"239 SPECTRUM AVENUE , GAITHERSBURG, MD 20879",8/21/2018,SALE TO MINOR,SETTLED; $1000+ALERT,9/11/2018
JO'S BEER AND WINE,"18507 N. FREDERICK AVENUE , GAITHERSBURG, MD 20879",8/21/2018,SALE TO MINOR,SETTLED; $1000+ALERT,9/13/2018
TACO BAR,"10003 FIELDS ROAD B, GAITHERSBURG, MD 20878",8/17/2018,SALE TO MINOR,SETTLED; $1000+ALERT,9/14/2018
CHIPOTLE MEXICAN GRILL - KENTLANDS,"96 MAIN STREET , GAITHERSBURG, MD 20878",7/30/2018,SALE TO MINOR,SETTLED; $2500+ALERT,9/14/2018
ACAJULTA RESTAURANT,"18554 WOODFIELD ROAD , GAITHERSBURG, MD 20879",8/14/2018,ALCOHOL AWARENESS CERTIFIED PERSON NOT ON PREMISES,SETTLED; $100.00+ALERT,9/14/2018
OWENS ORDINARY,"11820 TRADE STREET , NORTH BETHESDA, MD 20852",7/5/2018,RECORDS INVOICE VIOLATION,SETTLED; $500+ALERT,9/14/2018
TACO BAR,"10003 FIELDS ROAD B, GAITHERSBURG, MD 20878",8/17/2018,EMPLOYEE RECORDS NOT AVAILABLE WHEN REQUESTED,SETTLED; $500+ALERT,9/14/2018
CHIPOTLE MEXICAN GRILL - KENTLANDS,"96 MAIN STREET , GAITHERSBURG, MD 20878",7/30/2018,AGE OF EMPLOYEE VIOLATION,SETTLED; $1000+ALERT,9/14/2018
TACO BAR,"10003 FIELDS ROAD B, GAITHERSBURG, MD 20878",8/17/2018,ALCOHOL AWARENESS CERTIFIED PERSON NOT ON PREMISES,SETTLED; $100+ALERT,9/14/2018
ACAJULTA RESTAURANT,"18554 WOODFIELD ROAD , GAITHERSBURG, MD 20879",8/14/2018,SALE TO MINOR,SETTLED; $1000+ALERT,9/14/2018
OWENS ORDINARY,"11820 TRADE STREET , NORTH BETHESDA, MD 20852",7/5/2018,STORAGE,SETTLED; $1000+ALERT,9/14/2018
RED BOWL,"12051 C-4 CHESTNUT BRANCH WAY , CLARKSBURG, MD 20871",8/17/2018,SALE TO MINOR,SETTLED; $1000+ALERT,9/14/2018
GREAT SHOALS,"7050 CARROLL AVE. #101 , TAKOMA PARK, MD 20912",8/23/2018,SALE TO MINOR,SETTLED; $1000+ALERT,9/18/2018
ASIA NINE II,"254 CROWN PARK ROAD , GAITHERSBURG, MD 20878",8/17/2018,SALE TO MINOR,SETTLED; $1000+ALERT,9/18/2018
GREAT SHOALS,"7050 CARROLL AVE. #101 , TAKOMA PARK, MD 20912",8/23/2018,ALCOHOL AWARENESS CERTIFIED PERSON NOT ON PREMISES,SETTLED; $100.00,9/18/2018
HICKORY BAR & GRILL,"15420 OLD COLUMBIA PIKE , BURTONSVILLE, MD 20866",8/10/2018,ALCOHOL AWARENESS CERTIFIED PERSON NOT ON PREMISES,SETTLED;$100+ALERT,9/18/2018
HONEY PIG,"19727 FREDERICK ROAD , GERMANTOWN, MD 20876",8/10/2018,SALE TO MINOR,SETTLED; $1000.00+ ALERT,9/20/2018
ANTOJITOS RESTAURANT,"12 E. DIAMOND AVE. , GAITHERSBURG, MD 20877",8/9/2018,SALE TO MINOR,SETTLED; $1000+ALERT,9/19/2018
ZIKI JAPANESE STEAK HOUSE,"10009 FIELDS ROAD , GAITHERSBURG, MD 20878",8/27/2018,SALE TO MINOR,SETTLED; $1000+ALERT,9/26/2018
TED'S MONTANA GRILL,"105 ELLINGTON BOULEVARD , GAITHERSBURG, MD 20878",8/17/2018,SALE TO MINOR,SETTLED; $2500+ALERT,9/24/2018
TARA THAI RESTAURANT,"9811 WASHINGTONIAN BLVD. , GAITHERSBURG, MD 20878",8/17/2018,SALE TO MINOR,SETTLED; $2500+ALERT,9/28/2018
DOCK OF THE BAY,"429 S. FREDERICK ROAD , GAITHERSBURG, MD 20877",9/11/2018,SALE TO MINOR,SETTLED; $2500+ALERT,9/28/2018
PACCI'S TRATTORIA,"6 POST OFFICE , SILVER SPRING, MD 20910",8/23/2018,SALE TO MINOR,SETTLED; $1000+ALERT,9/28/2018
TARA THAI RESTAURANT,"9811 WASHINGTONIAN BLVD. , GAITHERSBURG, MD 20878",8/17/2018,EMPLOYEE RECORDS NOT AVAILABLE WHEN REQUESTED,SETTLED; $500+ALERT,9/28/2018
AGRODOLCE,"21030 FREDERICK ROAD J, GERMANTOWN, MD 20876",8/21/2018,ALCOHOL AWARENESS CERTIFIED PERSON NOT ON PREMISES,SETTLED;$500+ALERT,10/8/2018
REDMILL MARKET BEER & WINE,"7248 MUNCASTER MILL ROAD , DERWOOD, MD 20855",8/14/2018,SALE TO MINOR,SETTLED; $1000+ALERT,10/8/2018
B&B BEER AND WINE,"8403 SNOUFFER SCHOOL RD. , GAITHERSBURG, MD 20879",10/4/2018,SALE TO MINOR,SETTLED; $1000+ALERT,10/8/2018
OUTBACK STEAKHOUSE,"12609 WISTERIA DR , GERMANTOWN, MD 20874",8/23/2018,ALCOHOL AWARENESS CERTIFIED PERSON NOT ON PREMISES,SETTLED;$100+ALERT,10/8/2018
OUTBACK STEAKHOUSE,"12609 WISTERIA DR , GERMANTOWN, MD 20874",8/17/2018,SALE TO MINOR,SETTLED;$1000.00+ALERT,10/8/2018
TGI FRIDAYS,"12281 TECH ROAD , SILVER SPRING, MD 20904",8/8/2018,ALCOHOL AWARENESS CERTIFIED PERSON NOT ON PREMISES,SETTLED; $100+ALERT,9/4/2018
MYTHOS MEDITTERANEAN GREEK RESTAURANT,"8371 SNOUFFER SCHOOL ROAD , GAITHERSBURG, MD 20879",8/14/2018,SALE TO MINOR,SETTLED;$1000+ALERT,10/10/2018
RED LOBSTER-GAITHERSBURG,"15700 SHADY GROVE ROAD , GAITHERSBURG, MD 20877",8/17/2018,SALE TO MINOR,SETTLED;$2500+ALERT,10/11/2018
GISELES CREOLE CUISINE,"2407 PRINCE AVENUE , SILVER SPRING, MD 20902",7/20/2018,SALE TO MINOR,SETTLED;$2500+ALERT,10/11/2018
GISELES CREOLE CUISINE,"2407 PRINCE AVENUE , SILVER SPRING, MD 20902",7/20/2018,EMPLOYEE RECORDS NOT AVAILABLE WHEN REQUESTED,SETTLED; $500+ALERT,10/11/2018
CLARKSBURG GROCERIES BEER & WINE,"23329 FREDERICK ROAD , CLARKSBURG, MD 20871",8/8/2018,SALE TO MINOR,SETTLED;$2500+ALERT,10/12/2018
BAR LOUIE WHEATON,"11160 VEIRS MILL RD , WHEATON, MD 20902",9/17/2018,ALCOHOL AWARENESS CERTIFIED PERSON NOT ON PREMISES,SETTLED;$100+ALERT,10/19/2018
BECLAWS,"2404 UNIVERSITY BOULEVARD , SILVER SPRING, MD 20902",9/11/2018,RECORDS INVOICE VIOLATION,SETTLED;$500+ALERT,10/18/2018
MATCHBOX,"1699 ROCKVILLE PIKE , ROCKVILLE, MD 20852",7/24/2018,ALCOHOL AWARENESS CERTIFIED PERSON NOT ON PREMISES,SETTLED;$100+ALERT,10/17/2018
"BEST BEER, WINE, & DELI","18749 NORTH FREDERICK AVENUE A, GAITHERSBURG, MD 20879",8/21/2018,SALE TO MINOR,SETTLED;$1000+ALERT,10/12/2018
BECLAWS,"2404 UNIVERSITY BOULEVARD , SILVER SPRING, MD 20902",9/11/2018,ALCOHOL AWARENESS CERTIFIED PERSON NOT ON PREMISES,SETTLED;$500+ALERT,10/18/2018
AY JALISCO,"8401 SNOUFFER SCHOOL ROAD , GAITHERSBURG, MD 20879",8/14/2018,SALE TO MINOR,SETTLED;$1000+ALERT,10/23/2018
SUPER CHICKEN,"12611 H WISTERIA DRIVE , GERMANTOWN, MD 20874",8/23/2018,ALCOHOL AWARENESS CERTIFIED PERSON NOT ON PREMISES,SETTLED;$500+ALERT,9/28/2018
MEZEH MEDITERRANEAN GRILL,"262 CROWN PARK AVENUE , GAITHERSBURG, MD 20878",8/17/2018,ALCOHOL AWARENESS CERTIFIED PERSON NOT ON PREMISES,SETTLED;$100+ALERT,10/30/2018
MEZEH MEDITERRANEAN GRILL,"262 CROWN PARK AVENUE , GAITHERSBURG, MD 20878",8/17/2018,SALE TO MINOR,SETTLED;$1000+ALERT,10/30/2018
I STAR COFFEE,"8777 B1 1ST AVENUE , SILVER SPRING, MD 20910",3/8/2018,SALE TO MINOR,SETTLED; $1000.00,10/30/2018
MEZEH MEDITERRANEAN GRILL,"262 CROWN PARK AVENUE , GAITHERSBURG, MD 20878",8/17/2018,LICENSE NOT PROPERLY DISPLAYED,SETTLED;$100+ALERT,10/30/2018
MEZEH MEDITERRANEAN GRILL,"262 CROWN PARK AVENUE , GAITHERSBURG, MD 20878",8/17/2018,EMPLOYEE RECORDS NOT AVAILABLE WHEN REQUESTED,SETTLED;$500+ALERT,10/30/2018
SIN & GRIN,"353 MAIN STREET , GAITHERSBURG, MD 20878",8/30/2018,SALE TO MINOR,SETTLED; $1000+ALERT,9/25/2018
LA COLOMBIANA RESTAURANT,"11216 GRANDVIEW AVENUE , WHEATON, MD 20902",8/24/2018,DISPENSING LIQUOR BY BOTTLE FOR CONSUMPTION ONSITE,SETTLED;$1000+ALERT,10/26/2018
LA COLOMBIANA RESTAURANT,"11216 GRANDVIEW AVENUE , WHEATON, MD 20902",8/24/2018,EMPLOYEE RECORDS NOT AVAILABLE WHEN REQUESTED,SETTLED;$500.00,10/26/2018
CLARKSBURG GROCERIES BEER & WINE,"23329 FREDERICK ROAD , CLARKSBURG, MD 20871",8/8/2018,ALCOHOL AWARENESS CERTIFIED PERSON NOT ON PREMISES,SETTLED;$100+ALERT,10/12/2018
SASUNS,"7217 MUNCASTER MILL RD , DERWOOD, MD 20855",8/14/2018,SALE TO MINOR,SETTLED;$1000+ALERT,11/6/2018
ETCHIONS COUNTRY STORE,"7000 DAMASCUS ROAD , GAITHERSBURG, MD 20882",10/10/2018,SALE TO MINOR,SETTLED;$2500+ALERT,11/6/2018
SPRINGHILL SUITES GAITHERSBURG,"9715 WASHINGTONIAN BLVD. , GAITHERSBURG, MD 20878",10/10/2018,SALE TO MINOR,SETTLED;$1000+ALERT,11/8/2018
COURTYARD BY MARRIOTT,"204 BOARDWALK PLACE , GAITHERSBURG, MD 20878",10/10/2018,SALE TO MINOR,SETTLED;$2500+ALERT,11/8/2018
EVA LOUNGE,"953 BONIFANT STREET , SILVER SPRING, MD 20910",7/1/2017,SELLING/SERVING ALCOHOL AFTER PERMITTED HOURS,SETTLED;$1000+ALERT,11/9/2018
TEX'S PLACE,"14630 SOUTHLAWN LANE , ROCKVILLE, MD 20850",10/12/2018,ALCOHOL AWARENESS CERTIFIED PERSON NOT ON PREMISES,SETTLED;$100+ALERT,11/8/2018
EVA LOUNGE,"953 BONIFANT STREET , SILVER SPRING, MD 20910",10/9/2018,DISPENSING LIQUOR BY BOTTLE FOR CONSUMPTION ONSITE,$1000+ALERT,11/9/2018
VEGETABLE GARDEN,"3830 INTERNATIONAL DRIVE , SILVER SPRING, MD 20906",10/26/2018,ALCOHOL AWARENESS CERTIFIED PERSON NOT ON PREMISES,SETTLED;$100+ALERT,11/13/2018
IRON AGE,"1054 ROCKVILLE PIKE , ROCKVILLE, MD 20852",10/15/2018,SALE TO MINOR,SETTLED;$2500+ALERT,11/13/2018
BELBY DISCOUNT BEER & WINE,"888 ROCKVILLE PIKE , ROCKVILLE, MD 20852",10/15/2018,SALE TO MINOR,SETTLED;$1000+ALERT,11/13/2018
HOLA BEER & WINE,"8035 SNOUFFER SCHOOL ROAD , GAITHERSBURG, MD 20879",10/10/2018,RECORDS INVOICE VIOLATION,SETTLED;$500+ALERT,11/15/2018
IRON AGE,"1054 ROCKVILLE PIKE , ROCKVILLE, MD 20852",10/15/2018,EMPLOYEE RECORDS NOT AVAILABLE WHEN REQUESTED,SETTLED;$500+ALERT,11/13/2018
EVEN HOTEL,"1775 ROCKVILLE PIKE , ROCKVILLE, MD 20852",10/15/2018,SALE TO MINOR,SETTLED;$1000+ALERT,11/20/2018
HOWARD DELI,"4222 HOWARD AVE. D, KENSINGTON, MD 20895",10/29/2018,ALCOHOL AWARENESS CERTIFIED PERSON NOT ON PREMISES,SETTLED;$100+ALERT,11/20/2018
ISLAND PRIDE OASIS,"617 SOUTH FREDERICK AVENUE , GAITHERSBURG, MD 20877",10/15/2018,SALE TO MINOR,SETTLED;$1000+ALERT,11/20/2018
URBAN BAR-B-QUE,"10163 NEW HAMPSHIRE AVE , SILVER SPRING, MD 20903",7/30/2018,RECORDS INVOICE VIOLATION,SETTLED;$500+ALERT,11/21/2018
DON JORGE'S RESTAURANT BAR & GRILL,"108 EAST DIAMOND AVE , GAITHERSBURG, MD 20877",8/14/2018,SALE TO MINOR,SETTLED;$1000+ALERT,11/21/2018
WINGSTOP,"20201 GOSHEN ROAD UNIT G, GAITHERSBURG, MD 20879",10/10/2018,SALE TO MINOR,SETTLED;$2500 + ALERT,11/21/2018
URBAN BAR-B-QUE,"10163 NEW HAMPSHIRE AVE , SILVER SPRING, MD 20903",7/30/2018,LICENSE NOT PROPERLY DISPLAYED,SETTLED;$100+ALERT,11/21/2018
EL MARIACHI,"765 ROCKVILLE PIKE C, ROCKVILLE, MD 20852",10/15/2018,SALE TO MINOR,SETTLED; $1000+ALERT,11/28/2018
NEW FORTUNE RESTAURANT,"16515 FREDERICK ROAD , GAITHERSBURG, MD 20877",10/15/2018,SALE TO MINOR,SETTLED; $1000+ALERT,11/29/2018
AGRODOLCE,"21030 FREDERICK ROAD J, GERMANTOWN, MD 20876",8/21/2018,SALE TO MINOR,SETTLED;$1000+ALERT,12/3/2018
PINSTRIPES,"11920 GRAND PARK AVE. , NORTH BETHESDA, MD 20852",11/13/2018,SALE TO MINOR,SETTLED;1000+ ALERT,12/3/2018
CAVA RESTAURANT,"9713 TRAVILLE GATEWAY DRIVE , ROCKVILLE, MD 20850",11/6/2018,SALE TO MINOR,SETTLED;$1000+ALERT,12/3/2018
THE HILTON AT GAITHERSBURG,"620 PERRY PKWY. , GAITHERSBURG, MD 20877",10/4/2018,SALE TO MINOR,SETTLED;$1000+ALERT,10/18/2018
ARADA MARKET,"6844 NEW HAMPSHIRE AVE , TAKOMA PARK, MD 20912",10/1/2018,ALCOHOL AWARENESS CERTIFIED PERSON NOT ON PREMISES,SETTLED;$100+ALERT,10/24/2018
PACIFICA CAFE,"621 CENTER POINT WAY , GAITHERSBURG, MD 20878",10/4/2018,SALE TO MINOR,SETTLED;$1000+ALERT,10/17/2018
ROLLINS BEER & WINE,"151 ROLLINS AVE. , ROCKVILLE, MD 20852",11/13/2018,SALE TO MINOR,SETTLED; $1000+ALERT,12/7/2018
"CANCUN GRILL RESTAURANT, THE","11220 GEORGIA AVENUE , WHEATON, MD 20902",7/20/2018,SALE/SERVICE TO INTOXICATED PATRON,SETTLED; $1000+ALERT,12/7/2018
"KWIK-STOP BEER, WINE & DELI","15104 FREDERICK ROAD , ROCKVILLE, MD 20850",11/6/2018,SALE TO MINOR,SETTLED; $1000+ALERT,12/7/2018
RIVERSIDE HOTPOT CUISINE,"820 MUDDY BRANCH ROAD , GAITHERSBURG, MD 20878",10/12/2018,ALCOHOL AWARENESS CERTIFIED PERSON NOT ON PREMISES,SETTLED; $500+ALERT,12/7/2018
WORLD OF BEER,"196 B EAST MONTGOMERY AVE. , ROCKVILLE, MD 20850",11/6/2018,SALE TO MINOR,SETTLED; $1000+ALERT,12/10/2018
LIVE CRAWFISH & SEAFOOD,"765 ROCKVILLE PIKE FG, ROCKVILLE, MD 20852",10/15/2018,SALE TO MINOR,SETTLED; $1000+ALERT,12/10/2018
THE QUARRY HOUSE TAVERN,"8401 GEORGIA AVE. , SILVER SPRING, MD 20910",8/23/2018,SALE TO MINOR,SETTLED; $1000+ALERT,12/10/2018
CANOPY,"940 ROSE AVE , NORTH BETHESDA, MD 20852",11/13/2018,SALE TO MINOR,SETTLED; $1000+ALERT,12/12/2018
MATCHBOX,"1699 ROCKVILLE PIKE , ROCKVILLE, MD 20852",11/13/2018,SALE TO MINOR,SETTLED; $1000+ALERT,12/10/2018
BAR LOUIE,"150 GIBBS STREET , ROCKVILLE, MD 20850",11/6/2018,SALE TO MINOR,SETTLED; $2500+ALERT,12/10/2018
CANOPY,"940 ROSE AVE , NORTH BETHESDA, MD 20852",11/13/2018,AGE OF EMPLOYEE VIOLATION,SETTLED; $1000+ALERT,12/12/2018
LEDO PIZZA,"10058 DARNESTOWN ROAD , ROCKVILLE, MD 20850",11/6/2018,SALE TO MINOR,SETTLED; $1000+ALERT,12/12/2018
HIBACHI SUSHI SUPREME BUFFET,"8 BUREAU DRIVE , GAITHERSBURG, MD 20878",11/6/2018,ALCOHOL AWARENESS CERTIFIED PERSON NOT ON PREMISES,$500+ALERT,12/18/2018
217 BOARDWALK PL.,"217 BOARDWALK PL. , GAITHERSBURG, MD 20878",10/15/2018,SALE TO MINOR,SETTLED; $1000+ALERT,12/18/2018
QDOBA MEXICAN GRILL,"128 ROLLINS AVE. , ROCKVILLE, MD 20852",11/13/2018,SALE TO MINOR,SETTLED;$1000+ALERT,12/18/2018
GIUSEPPI'S PIZZA PLUS,"335 KENTLANDS BLVD. , GAITHERSBURG, MD 20878",8/30/2018,SALE TO MINOR,SETTLED; $2500+ALERT,12/18/2018
PINSTRIPES,"851 ROSE AVE. , NORTH BETHESDA, MD 20852",11/13/2018,SALE TO MINOR,SETTLED; $1000+ALERT,12/3/2018
LINCOLN'S BAR-B-Q,"931 ELLSWORTH DRIVE , SILVER SPRING, MD 20910",11/8/2017,SALE TO MINOR,SETTLED; $1000+ALERT,5/1/2018
THE DAILY DISH,"8301 GRUBB RAOD A, SILVER SPRING, MD 20910",10/29/2018,STORAGE,SETTLED; $1200+ALERT,12/14/2018
HONEY PIG,"12015 ROCKVILLE PIKE #G , ROCKVILLE, MD 20852",1/25/2019,LICENSE NOT PROPERLY DISPLAYED,SETTLED;$100+ALERT,2/22/2019
SUGO MACARONI BAR,"12505 PARK POTOMAC AVENUE , POTOMAC, MD 20854",1/22/2019,SALE TO MINOR,SETTLED;$1000+ALERT,2/21/2019
BUFFALO WILD WINGS,"33 MARYLAND AVENUE , ROCKVILLE, MD 20850",1/15/2019,SALE TO MINOR,SETTLED;$1000+ALERT,2/19/2019
SOCIETY RESTAURANT & LOUNGE,"8229 GEORGIA AVE , SILVER SPRING, MD 20910",10/8/2018,SELLING/SERVING ALCOHOL AFTER PERMITTED HOURS,SETTLED; $1000+ALERT,2/4/2019
WORLD GOURMET WINE & BEER,"7905 TUCKERMAN LANE , POTOMAC, MD 20854",1/22/2019,SALE TO MINOR,SETTLED;$1000+ALERT,2/11/2019
KENSINGTON SUB & PIZZA,"3701 UNIVERSITY BLVD. W. , KENSINGTON, MD 20895-2123",1/30/2019,STORAGE,SETTLED;$1000+ALERT,2/25/2019
GRAND FUSION,"350 E. FORTUNE TERRACE , ROCKVILLE, MD 20854",1/22/2019,SALE TO MINOR,SETTLED;$1000+ALERT,2/7/2019
BEMNET SUPERMARKET AND DELI,"617 SLIGO AVENUE , SILVER SPRING, MD 20910",1/9/2019,STORAGE,SETTLED; $200+ALERT,1/23/2019
MONTEREY MART & CAFE,"5901 5901 MONTROSE RD. , ROCKVILLE, MD 20852",1/22/2019,SALE TO MINOR,SETTLED;$1000+ALERT,2/6/2019
RINCON PERUANO,"210 EAST DIAMOND ST , GAITHERSBURG, MD 20877",10/10/2018,SALE TO MINOR,SETTLED;$2500.00 + ALERT,2/21/2019
GRINGOS & MARIACHIS,"12435 POTOMAC AVE, D R-6 , POTOMAC, MD 20854",1/22/2019,SALE TO MINOR,SETTLED;$1000+ALERT,2/5/2019
ADDIE'S,"12435 PARK POTOMAC AVE , POTOMAC, MD 20854",1/22/2019,SALE TO MINOR,SETTLED; $1000+ALERT,1/22/2019
THAI PAVILION,"29 MARYLAND AVENUE 308, ROCKVILLE, MD 20850",2/14/2019,ALCOHOL AWARENESS CERTIFIED PERSON NOT ON PREMISES,SETTLED;$100+ALERT,2/14/2019
SPICE XING,"100 GIBBS STREET B, ROCKVILL, MD 20850",1/15/2019,SALE TO MINOR,SETTLED; $2500+ALERT,3/25/2019
BHIMAS KITCHEN & BAKERY,"13541 CLOPPER RD. , GERMANTOWN, MD 20874",2/19/2019,SALE TO MINOR,SETTLED;$1000+ALERT,3/20/2019
NANTUCKET'S REEF,"9755 GATEWAY DRIVE , ROCKVILLE, MD 20850",2/19/2019,SALE TO MINOR,SETTLED;$2500+ALERT,2/19/2019
RADISSON HOTEL DC,"3 RESEARCH BLVD. , ROCKVILLE, MD 20850",2/19/2019,SALE TO MINOR,SETTLED;$1000+ALERT,2/20/2019
SAMOVAR,"201 N. WASHINGTON ST. , ROCKVILLE, MD 20850",1/15/2019,SALE TO MINOR,SETTLED;$1000+ALERT,1/15/2019
AKIRA RAMEN IZAKAYA,"1800 ROCKVILLE PIKE, UNIT H1 , ROCKVILLE, MD 20852",1/15/2019,ALCOHOL AWARENESS CERTIFIED PERSON NOT ON PREMISES,SETTLED; $100+ALERT,1/15/2019
THAT'S AMORE,"15201 SHADY GROVE ROAD , ROCKVILLE, MD 20850",1/17/2019,ALCOHOL AWARENESS CERTIFIED PERSON NOT ON PREMISES,SETTLED;$100+ALERT,1/17/2019
FANTASY NAIL SPA,"9321 GEORGIA AVE. , SILVER SPRING, MD 20910",12/7/2018,ALCOHOL AWARENESS CERTIFIED PERSON NOT ON PREMISES,SETTLED;$100+ALERT,12/7/2018
HOLA BEER & WINE,"8035 SNOUFFER SCHOOL ROAD , GAITHERSBURG, MD 20879",2/1/2019,RECORDS INVOICE VIOLATION,SETTLED;$500+ALERT,2/1/2019
ARMAND'S PIZZERIA & GRILLE,"190 HALPINE ROAD , ROCKVILLE, MD 20852",3/4/2019,SALE TO MINOR,$1000+ALERT,3/4/2019
TRAPEZARIA MEDITERRANEAN KUZINA,"11 NORTH WASHINGTON STREET , ROCKVILLE, MD 20850",3/8/2019,STORAGE,$400+ALERT,3/8/2019
FLOWER CHILD,"10072 DARNESTOWN RD. , ROCKVILLE, MD 20860",3/5/2019,SALE TO MINOR,$1000+ALERT,3/5/2019
